total_rooms,total_bedrooms
6.0,2.0
8.0,1.0
11.0,11.0
12.0,4.0
15.0,4.0
16.0,4.0
18.0,3.0
19.0,12.0
20.0,5.0
21.0,7.0
22.0,9.0
24.0,6.0
25.0,5.0
26.0,14.0
32.0,8.0
36.0,9.0
37.0,11.0
40.0,10.0
41.0,17.5
42.0,12.0
44.0,6.0
45.0,11.0
47.0,16.0
48.0,10.0
49.0,14.0
50.0,9.0
52.0,14.5
54.0,9.0
55.0,14.5
57.0,22.0
58.0,35.0
59.0,24.0
60.0,11.5
62.0,9.0
63.0,10.5
64.0,21.0
66.0,11.0
67.0,15.0
69.0,22.0
70.0,22.5
72.0,16.0
74.0,19.0
77.0,12.0
78.0,11.0
80.0,16.0
81.0,33.5
83.0,15.0
84.0,13.0
88.0,21.0
89.0,18.0
90.0,26.5
94.0,24.0
96.0,18.0
97.0,22.0
98.0,26.0
99.0,25.0
100.0,20.0
101.0,23.0
102.0,19.0
104.0,20.0
105.0,31.0
106.0,18.0
107.0,61.5
108.0,18.0
109.0,20.0
110.0,26.0
112.0,28.0
114.0,26.0
116.0,30.0
117.0,33.0
118.0,25.5
120.0,24.0
121.0,29.0
122.0,26.0
123.0,36.0
124.0,22.0
125.0,42.0
127.0,25.5
131.0,28.0
133.0,29.0
135.0,29.0
136.0,20.0
140.0,31.5
141.0,59.0
142.0,39.0
143.0,38.5
144.0,54.0
146.0,36.0
148.0,28.0
151.0,83.0
152.0,24.5
154.0,33.0
156.0,42.0
157.0,28.0
161.0,40.0
162.0,27.0
164.0,30.0
166.0,22.0
167.0,60.0
170.0,23.0
172.0,40.0
173.0,38.5
174.0,66.0
176.0,43.0
177.0,59.0
178.0,46.5
180.0,43.0
182.0,43.5
184.0,44.0
186.0,45.5
187.0,38.0
189.0,30.0
191.0,47.0
192.0,41.0
196.0,57.5
197.0,44.0
198.0,36.5
199.0,36.0
200.0,48.5
201.0,44.0
202.0,54.0
204.0,62.0
205.0,119.0
206.0,44.0
208.0,49.0
211.0,51.0
212.0,38.0
215.0,53.5
217.0,82.0
221.0,52.0
222.0,54.0
223.0,80.0
224.0,38.0
225.0,72.0
226.0,44.0
227.0,45.0
228.0,40.0
231.0,36.0
232.0,37.0
238.0,54.5
239.0,92.0
240.0,36.5
241.0,69.0
242.0,59.0
243.0,55.0
244.0,52.0
247.0,67.5
248.0,55.0
249.0,44.0
250.0,52.0
253.0,50.0
254.0,50.0
255.0,73.0
256.0,34.0
259.0,53.0
260.0,67.0
264.0,72.0
265.0,53.0
266.0,68.5
267.0,57.0
268.0,76.5
271.0,61.0
272.0,49.0
273.0,49.0
275.0,105.0
277.0,79.5
278.0,81.0
281.0,103.0
282.0,59.0
284.0,53.0
287.0,57.0
288.0,86.0
289.0,49.0
291.0,48.0
292.0,47.0
294.0,58.0
296.0,139.0
299.0,89.0
301.0,94.0
302.0,112.0
303.0,73.5
304.0,63.0
309.0,47.0
311.0,95.0
312.0,89.0
314.0,61.0
319.0,94.0
320.0,73.0
321.0,71.0
322.0,85.0
324.0,63.0
325.0,74.0
326.0,123.0
328.0,100.0
329.0,90.5
330.0,74.0
331.0,85.0
332.0,86.5
333.0,92.0
334.0,55.0
335.0,86.0
336.0,120.5
337.0,67.0
340.0,97.0
343.0,67.5
344.0,108.0
346.0,103.0
347.0,82.0
348.0,79.0
349.0,74.0
350.0,95.0
351.0,81.0
352.0,63.5
353.0,112.0
354.0,73.0
357.0,120.0
360.0,110.0
361.0,63.0
362.0,89.0
365.0,102.0
366.0,62.0
367.0,113.0
369.0,107.0
370.0,62.0
371.0,72.5
372.0,68.0
375.0,108.0
376.0,83.0
377.0,69.0
378.0,134.0
380.0,91.0
381.0,67.0
383.0,93.0
385.0,98.0
386.0,164.0
388.0,95.5
390.0,199.0
391.0,74.0
393.0,67.0
394.0,105.5
395.0,72.0
396.0,91.0
397.0,110.5
399.0,114.0
402.0,134.5
403.0,72.0
404.0,77.0
405.0,124.5
407.0,102.5
408.0,92.0
409.0,100.5
410.0,117.0
411.0,94.0
413.0,107.0
414.0,79.0
416.0,115.5
417.0,89.0
418.0,147.5
419.0,77.0
421.0,82.5
422.0,63.0
423.0,110.0
424.0,78.0
425.0,119.0
426.0,61.0
427.0,92.0
430.0,107.0
431.0,86.0
432.0,142.0
433.0,69.0
435.0,95.5
436.0,75.5
437.0,105.0
438.0,109.5
439.0,84.0
440.0,106.0
441.0,136.5
442.0,103.0
443.0,117.0
444.0,83.0
446.0,90.5
447.0,95.0
448.0,116.0
449.0,151.0
450.0,132.0
452.0,109.0
453.0,117.0
454.0,102.0
455.0,81.0
456.0,130.0
458.0,148.0
459.0,103.5
460.0,171.0
461.0,115.0
462.0,90.0
463.0,180.0
464.0,202.0
465.0,93.0
467.0,
470.0,110.0
471.0,108.0
472.0,146.0
473.0,
474.0,92.0
475.0,155.0
476.0,84.5
477.0,119.0
479.0,125.0
481.0,136.0
483.0,113.0
484.0,202.0
488.0,108.0
489.0,90.0
491.0,98.0
492.0,269.0
493.0,168.0
494.0,100.0
495.0,116.0
496.0,131.0
497.0,132.0
498.0,117.5
499.0,137.5
500.0,113.0
501.0,123.0
502.0,88.0
503.0,99.0
504.0,126.0
505.0,124.0
506.0,107.5
507.0,140.0
508.0,104.0
509.0,115.0
510.0,86.0
511.0,153.0
512.0,144.0
513.0,100.0
514.0,210.0
515.0,201.0
516.0,98.5
518.0,108.0
519.0,102.0
520.0,187.5
521.0,118.5
522.0,138.0
523.0,80.0
524.0,93.0
525.0,136.0
526.0,152.0
527.0,133.0
529.0,112.0
530.0,150.0
531.0,154.0
533.0,90.0
534.0,88.0
535.0,123.0
538.0,107.0
539.0,71.0
540.0,110.0
541.0,154.0
542.0,119.0
543.0,191.0
544.0,110.0
548.0,119.0
549.0,126.0
552.0,151.0
553.0,100.0
555.0,162.0
556.0,71.0
557.0,159.0
559.0,139.0
560.0,90.0
561.0,182.5
562.0,169.0
563.0,164.5
564.0,212.5
565.0,162.0
567.0,172.5
568.0,118.0
569.0,132.0
570.0,112.0
571.0,153.0
572.0,131.5
574.0,103.0
575.0,90.0
576.0,117.0
579.0,116.0
580.0,143.0
581.0,146.0
582.0,100.5
583.0,113.5
584.0,176.0
586.0,125.0
587.0,170.0
588.0,139.0
589.0,124.5
590.0,134.0
591.0,173.0
592.0,121.5
593.0,136.5
594.0,169.0
596.0,110.0
598.0,148.0
600.0,171.0
602.0,142.5
603.0,207.0
606.0,132.0
607.0,155.0
608.0,125.5
609.0,192.5
610.0,145.0
612.0,135.0
613.0,149.0
614.0,141.0
616.0,131.0
617.0,112.0
618.0,163.0
619.0,160.0
620.0,133.0
621.0,142.5
622.0,194.0
623.0,146.0
624.0,182.5
626.0,164.0
627.0,136.0
629.0,140.0
630.0,145.0
631.0,298.0
632.0,148.0
633.0,142.5
636.0,169.0
637.0,273.0
638.0,266.0
639.0,179.0
640.0,166.0
642.0,176.0
643.0,117.0
644.0,129.0
645.0,127.5
646.0,134.0
647.0,139.0
651.0,204.5
653.0,148.0
654.0,186.0
656.0,157.5
657.0,118.0
658.0,218.0
659.0,291.0
660.0,137.0
661.0,146.0
662.0,160.0
663.0,127.0
665.0,171.0
666.0,147.0
667.0,92.0
670.0,221.0
671.0,166.0
672.0,149.0
673.0,159.0
674.0,208.0
676.0,216.0
677.0,182.0
678.0,155.0
679.0,132.0
680.0,145.5
681.0,123.5
682.0,152.0
683.0,139.0
684.0,176.0
685.0,141.0
686.0,142.0
689.0,135.5
690.0,119.0
691.0,153.0
692.0,146.0
693.0,207.0
694.0,188.0
695.0,145.0
696.0,219.5
697.0,208.0
698.0,174.0
699.0,180.0
700.0,212.0
701.0,156.5
702.0,185.5
703.0,122.0
704.0,176.0
705.0,149.0
706.0,189.5
707.0,154.0
708.0,173.5
709.0,190.0
710.0,188.0
711.0,148.0
712.0,143.5
713.0,202.0
714.0,131.0
715.0,214.0
716.0,168.5
718.0,132.0
719.0,238.0
720.0,174.0
721.0,165.0
722.0,235.0
724.0,167.0
725.0,186.5
726.0,166.0
727.0,168.0
728.0,147.5
729.0,132.5
730.0,196.0
731.0,155.0
732.0,147.0
733.0,166.5
734.0,190.0
735.0,139.0
736.0,166.0
737.0,143.0
740.0,171.0
741.0,180.5
742.0,146.5
743.0,155.0
744.0,148.5
745.0,168.0
746.0,172.0
747.0,189.0
749.0,218.0
751.0,184.0
752.0,159.0
753.0,193.0
754.0,175.0
755.0,157.0
756.0,128.5
757.0,124.0
759.0,141.0
760.0,196.5
761.0,306.0
762.0,193.0
763.0,191.0
764.0,200.0
765.0,171.0
766.0,268.0
767.0,171.0
768.0,152.0
769.0,205.0
770.0,116.0
771.0,166.0
772.0,186.5
773.0,131.5
774.0,122.0
775.0,179.0
777.0,166.5
778.0,137.0
779.0,145.0
782.0,153.0
783.0,184.0
784.0,144.5
785.0,153.0
786.0,230.0
787.0,181.0
788.0,181.0
789.0,204.0
790.0,187.5
791.0,174.0
792.0,217.5
793.0,156.5
794.0,182.0
795.0,172.0
796.0,215.0
797.0,162.0
798.0,327.0
800.0,313.0
801.0,287.5
802.0,151.0
803.0,267.0
804.0,121.0
805.0,140.0
806.0,158.0
807.0,174.0
808.0,163.0
809.0,180.0
810.0,161.5
811.0,168.0
812.0,349.5
814.0,216.0
815.0,229.0
816.0,159.0
817.0,206.0
818.0,195.0
819.0,191.0
820.0,209.0
821.0,170.0
822.0,180.0
823.0,158.5
825.0,173.0
826.0,158.5
827.0,195.0
828.0,159.5
829.0,130.0
830.0,190.0
831.0,166.5
832.0,204.5
833.0,176.0
834.0,166.0
835.0,184.5
836.0,175.0
837.0,213.0
838.0,161.0
839.0,174.0
840.0,329.0
841.0,169.0
842.0,186.0
843.0,167.0
844.0,157.0
845.0,172.5
847.0,198.5
848.0,194.0
849.0,276.0
850.0,228.0
851.0,231.0
852.0,237.0
853.0,296.0
854.0,238.5
855.0,208.0
856.0,165.5
857.0,196.0
858.0,228.0
859.0,181.5
861.0,199.0
862.0,178.0
863.0,160.0
864.0,184.0
865.0,193.0
866.0,181.0
868.0,244.0
869.0,207.0
870.0,170.0
871.0,262.0
872.0,203.0
873.0,226.0
874.0,153.0
875.0,200.0
876.0,170.0
877.0,197.0
878.0,167.0
879.0,257.0
880.0,177.0
881.0,203.5
882.0,195.0
883.0,236.0
885.0,303.0
886.0,190.0
888.0,206.0
889.0,146.5
890.0,255.0
891.0,203.0
892.0,185.0
893.0,177.0
894.0,231.0
895.0,181.0
896.0,228.5
897.0,168.0
898.0,244.0
900.0,211.0
901.0,187.0
902.0,260.5
903.0,212.0
904.0,183.5
905.0,199.0
906.0,168.0
907.0,180.0
908.0,200.0
909.0,215.0
910.0,205.5
911.0,238.0
912.0,190.5
913.0,194.5
914.0,171.5
915.0,234.0
916.0,178.0
917.0,224.0
918.0,181.5
919.0,210.5
920.0,202.0
921.0,223.0
922.0,173.5
923.0,165.5
924.0,289.0
925.0,242.5
926.0,230.0
927.0,207.5
928.0,250.0
929.0,257.0
930.0,191.0
931.0,213.5
932.0,249.0
933.0,219.0
934.0,228.0
935.0,224.0
936.0,257.0
937.0,348.0
938.0,240.0
939.0,187.0
940.0,208.0
941.0,218.0
942.0,193.0
943.0,213.0
944.0,211.0
945.0,149.0
946.0,226.0
947.0,257.0
948.0,198.0
949.0,224.0
950.0,244.0
951.0,235.0
952.0,189.0
953.0,231.0
954.0,231.5
955.0,192.0
956.0,201.0
957.0,191.0
958.0,245.0
959.0,204.0
961.0,218.0
962.0,218.5
963.0,159.0
964.0,215.0
965.0,198.0
966.0,191.0
967.0,175.0
968.0,240.0
969.0,206.0
970.0,217.0
971.0,216.5
972.0,244.5
973.0,221.0
974.0,211.0
975.0,312.5
976.0,202.0
977.0,265.5
978.0,194.5
979.0,291.5
980.0,239.0
981.0,254.0
982.0,197.0
983.0,175.0
984.0,177.0
986.0,284.0
987.0,248.0
988.0,310.0
989.0,215.0
990.0,233.0
991.0,232.5
992.0,308.5
993.0,180.5
994.0,242.0
995.0,220.0
996.0,296.0
997.0,262.0
998.0,211.0
999.0,232.0
1000.0,236.0
1001.0,205.0
1003.0,217.5
1004.0,221.0
1005.0,212.0
1006.0,230.0
1007.0,224.0
1008.0,184.5
1009.0,231.0
1010.0,226.5
1011.0,198.0
1012.0,245.0
1013.0,191.0
1014.0,223.0
1015.0,356.0
1016.0,202.0
1017.0,209.0
1018.0,213.0
1019.0,179.5
1020.0,169.0
1021.0,230.0
1022.0,220.5
1024.0,191.0
1025.0,242.0
1026.0,221.0
1027.0,217.0
1028.0,188.0
1029.0,239.0
1030.0,214.0
1031.0,201.0
1032.0,190.0
1033.0,209.0
1034.0,239.0
1035.0,229.0
1036.0,203.5
1037.0,207.0
1038.0,220.0
1039.0,256.0
1040.0,261.0
1041.0,275.0
1042.0,211.5
1043.0,196.0
1044.0,219.0
1045.0,361.0
1046.0,216.0
1047.0,270.0
1048.0,185.0
1049.0,235.0
1050.0,245.0
1051.0,237.0
1052.0,221.0
1053.0,240.5
1054.0,239.0
1055.0,280.0
1056.0,260.0
1057.0,240.5
1058.0,230.0
1059.0,274.5
1060.0,268.0
1061.0,205.0
1062.0,287.5
1063.0,199.0
1064.0,237.5
1065.0,214.5
1066.0,219.0
1067.0,194.0
1068.0,198.0
1069.0,262.0
1070.0,199.0
1071.0,245.5
1072.0,239.5
1073.0,254.0
1074.0,180.0
1075.0,205.5
1076.0,219.0
1077.0,275.0
1078.0,207.0
1079.0,222.0
1080.0,166.0
1081.0,241.0
1082.0,291.0
1083.0,217.0
1084.0,271.0
1085.0,227.0
1086.0,249.0
1087.0,303.5
1088.0,209.0
1089.0,212.0
1090.0,164.0
1091.0,264.5
1092.0,213.0
1093.0,256.0
1095.0,271.0
1096.0,240.0
1097.0,254.0
1098.0,290.5
1099.0,215.5
1100.0,285.0
1101.0,285.0
1102.0,224.0
1103.0,214.5
1104.0,216.0
1105.0,249.0
1106.0,225.0
1107.0,227.0
1108.0,276.5
1109.0,283.0
1110.0,216.0
1111.0,252.0
1112.0,222.0
1113.0,228.0
1114.0,172.0
1115.0,268.0
1116.0,244.0
1117.0,273.0
1118.0,300.0
1119.0,277.0
1120.0,283.0
1121.0,231.0
1122.0,287.0
1124.0,238.0
1125.0,273.0
1126.0,268.5
1127.0,260.0
1128.0,240.0
1129.0,235.5
1130.0,228.5
1131.0,278.5
1132.0,266.0
1133.0,244.0
1134.0,218.0
1135.0,225.0
1136.0,365.0
1137.0,268.0
1138.0,228.0
1139.0,239.5
1140.0,300.0
1141.0,239.0
1142.0,236.0
1143.0,208.0
1144.0,235.0
1145.0,235.5
1146.0,263.5
1147.0,259.0
1148.0,233.0
1149.0,257.0
1150.0,246.5
1151.0,213.5
1152.0,341.0
1153.0,235.0
1155.0,329.0
1156.0,241.0
1157.0,297.0
1158.0,248.5
1159.0,238.0
1160.0,255.5
1161.0,274.5
1162.0,235.0
1164.0,257.0
1165.0,278.0
1166.0,236.0
1167.0,276.0
1168.0,253.0
1169.0,240.5
1170.0,248.0
1171.0,323.0
1172.0,233.0
1173.0,231.0
1174.0,307.5
1175.0,300.0
1176.0,291.0
1177.0,230.5
1178.0,261.0
1179.0,318.5
1180.0,239.0
1181.0,271.0
1182.0,306.0
1183.0,240.5
1184.0,290.0
1185.0,237.0
1186.0,300.0
1187.0,261.0
1188.0,227.0
1189.0,275.0
1190.0,275.0
1191.0,242.0
1192.0,289.0
1193.0,263.0
1194.0,272.0
1195.0,256.0
1196.0,294.0
1197.0,269.0
1199.0,224.0
1200.0,344.5
1201.0,292.0
1202.0,290.0
1203.0,289.5
1204.0,355.0
1205.0,330.0
1206.0,274.0
1207.0,231.0
1208.0,294.5
1209.0,393.0
1210.0,250.0
1211.0,261.0
1212.0,304.0
1213.0,203.0
1214.0,250.0
1215.0,282.0
1216.0,232.5
1217.0,238.0
1218.0,336.5
1219.0,240.0
1220.0,267.0
1221.0,331.0
1222.0,250.0
1223.0,215.0
1224.0,237.0
1225.0,250.0
1226.0,262.0
1227.0,286.0
1228.0,235.0
1229.0,248.0
1230.0,262.0
1231.0,235.5
1232.0,286.5
1233.0,306.0
1234.0,351.0
1235.0,341.5
1236.0,273.0
1237.0,256.0
1238.0,288.0
1239.0,256.5
1240.0,279.5
1241.0,244.0
1242.0,270.0
1243.0,312.0
1244.0,266.0
1245.0,229.0
1246.0,300.0
1247.0,315.0
1248.0,280.5
1249.0,262.5
1250.0,272.0
1251.0,279.0
1252.0,267.0
1253.0,259.0
1254.0,272.0
1255.0,330.5
1256.0,280.5
1257.0,251.0
1258.0,249.5
1259.0,362.0
1260.0,299.0
1261.0,315.0
1262.0,280.0
1263.0,248.0
1264.0,271.0
1265.0,254.0
1266.0,348.0
1267.0,304.5
1268.0,282.0
1269.0,290.0
1270.0,276.0
1271.0,301.0
1272.0,314.0
1273.0,343.0
1274.0,282.0
1275.0,238.5
1276.0,256.0
1277.0,293.0
1278.0,309.5
1279.0,285.0
1280.0,254.0
1281.0,289.0
1282.0,230.0
1283.0,251.0
1284.0,280.5
1285.0,270.0
1286.0,271.0
1287.0,287.5
1288.0,238.5
1289.0,262.0
1290.0,203.0
1291.0,314.0
1292.0,303.0
1293.0,272.0
1294.0,272.0
1295.0,280.5
1296.0,291.5
1297.0,294.5
1298.0,306.0
1299.0,254.0
1300.0,269.0
1301.0,303.0
1302.0,245.0
1303.0,293.0
1304.0,278.0
1305.0,249.0
1306.0,293.0
1307.0,283.0
1308.0,332.0
1309.0,289.0
1310.0,267.0
1311.0,259.0
1312.0,297.5
1313.0,281.5
1314.0,297.0
1315.0,298.0
1316.0,249.0
1317.0,245.0
1318.0,237.0
1319.0,295.0
1320.0,255.5
1321.0,272.0
1322.0,335.0
1323.0,239.0
1324.0,314.0
1325.0,275.5
1326.0,290.5
1327.0,230.5
1328.0,290.0
1329.0,282.0
1330.0,216.0
1331.0,346.0
1332.0,252.0
1333.0,311.5
1334.0,336.0
1335.0,281.0
1336.0,301.5
1337.0,260.0
1338.0,250.0
1339.0,271.0
1340.0,255.0
1341.0,247.5
1342.0,259.0
1343.0,241.0
1344.0,238.5
1345.0,279.5
1346.0,315.5
1347.0,291.5
1348.0,236.0
1349.0,350.5
1350.0,276.5
1351.0,273.5
1352.0,272.0
1353.0,379.0
1354.0,286.0
1355.0,214.0
1356.0,319.0
1357.0,249.0
1358.0,272.0
1359.0,317.0
1360.0,282.0
1361.0,301.5
1362.0,247.0
1363.0,395.0
1364.0,266.5
1365.0,262.5
1366.0,375.0
1367.0,306.5
1368.0,322.0
1369.0,328.5
1370.0,287.0
1371.0,284.5
1372.0,373.0
1373.0,274.0
1374.0,248.0
1375.0,336.5
1376.0,257.0
1377.0,319.0
1378.0,258.0
1379.0,273.0
1380.0,322.0
1381.0,278.0
1382.0,286.0
1383.0,248.5
1384.0,299.0
1385.0,356.0
1386.0,296.0
1387.0,255.0
1388.0,286.0
1389.0,252.0
1390.0,387.5
1391.0,298.0
1392.0,322.0
1393.0,297.5
1394.0,324.5
1395.0,269.0
1396.0,295.0
1397.0,271.0
1398.0,261.0
1399.0,303.0
1400.0,308.0
1401.0,294.0
1402.0,305.5
1403.0,315.0
1404.0,252.0
1405.0,326.0
1406.0,337.0
1407.0,362.0
1408.0,290.5
1409.0,271.0
1410.0,295.0
1411.0,312.0
1412.0,296.5
1413.0,325.5
1414.0,303.0
1415.0,296.0
1416.0,273.0
1417.0,353.0
1418.0,372.5
1419.0,336.5
1420.0,312.5
1421.0,315.0
1422.0,295.0
1423.0,278.0
1424.0,300.0
1425.0,317.0
1426.0,287.0
1427.0,292.5
1428.0,291.5
1429.0,339.5
1430.0,310.0
1431.0,416.0
1432.0,331.5
1433.0,280.0
1434.0,327.5
1435.0,304.0
1436.0,336.0
1437.0,295.0
1438.0,348.0
1439.0,261.0
1440.0,267.0
1441.0,294.0
1442.0,322.5
1443.0,261.0
1444.0,330.0
1445.0,309.0
1446.0,295.0
1447.0,276.0
1448.0,378.0
1449.0,235.0
1450.0,509.0
1451.0,317.5
1452.0,309.0
1453.0,306.0
1454.0,254.0
1455.0,335.0
1456.0,444.0
1457.0,330.5
1458.0,268.0
1459.0,310.5
1460.0,311.0
1461.0,340.0
1462.0,274.0
1463.0,289.5
1464.0,273.0
1465.0,346.0
1466.0,254.0
1467.0,328.0
1468.0,298.0
1469.0,336.5
1470.0,312.0
1471.0,321.0
1472.0,302.0
1473.0,297.0
1474.0,343.0
1475.0,323.0
1476.0,344.0
1477.0,300.5
1478.0,369.0
1479.0,336.5
1480.0,358.0
1481.0,317.0
1482.0,310.0
1483.0,266.5
1484.0,305.0
1485.0,290.0
1486.0,340.0
1487.0,288.0
1488.0,293.5
1489.0,333.0
1490.0,285.5
1491.0,290.0
1492.0,360.5
1493.0,278.0
1494.0,297.5
1495.0,305.5
1496.0,271.0
1497.0,264.0
1498.0,359.0
1499.0,358.0
1500.0,319.0
1501.0,337.0
1502.0,262.5
1503.0,370.0
1504.0,294.0
1505.0,262.0
1506.0,294.0
1507.0,295.0
1508.0,270.5
1509.0,303.0
1510.0,327.0
1511.0,315.0
1512.0,360.5
1513.0,369.0
1514.0,301.0
1515.0,358.0
1516.0,344.0
1517.0,311.0
1518.0,307.0
1519.0,302.5
1520.0,317.5
1521.0,320.0
1522.0,230.0
1523.0,344.5
1524.0,374.5
1525.0,363.0
1526.0,337.0
1527.0,322.5
1528.0,321.0
1529.0,317.0
1530.0,301.0
1531.0,279.0
1532.0,292.0
1533.0,300.0
1534.0,315.0
1535.0,283.0
1536.0,325.0
1537.0,347.0
1538.0,260.0
1539.0,299.0
1540.0,343.0
1541.0,302.0
1542.0,352.5
1543.0,302.0
1544.0,290.0
1545.0,334.0
1546.0,371.0
1547.0,426.0
1548.0,290.0
1549.0,275.0
1550.0,265.0
1551.0,297.0
1552.0,290.0
1553.0,461.0
1554.0,308.0
1555.0,349.0
1557.0,322.5
1558.0,314.0
1559.0,383.5
1560.0,336.5
1561.0,252.5
1562.0,369.0
1563.0,300.0
1564.0,351.0
1565.0,296.0
1566.0,352.0
1567.0,362.0
1568.0,370.0
1569.0,368.0
1570.0,378.0
1571.0,300.5
1572.0,409.5
1573.0,361.0
1574.0,380.5
1575.0,324.0
1576.0,351.5
1577.0,279.0
1578.0,317.0
1579.0,295.0
1580.0,318.0
1581.0,293.5
1582.0,343.0
1583.0,369.5
1584.0,312.5
1585.0,345.0
1586.0,322.0
1587.0,320.0
1588.0,360.0
1589.0,259.0
1590.0,355.0
1591.0,364.0
1592.0,331.0
1593.0,353.0
1594.0,321.0
1595.0,311.5
1596.0,317.0
1597.0,326.5
1598.0,398.0
1599.0,294.0
1600.0,403.5
1601.0,337.5
1602.0,293.5
1603.0,330.5
1604.0,280.0
1605.0,279.5
1606.0,354.0
1607.0,356.0
1608.0,314.0
1609.0,442.0
1610.0,347.0
1611.0,361.0
1612.0,338.0
1613.0,299.0
1614.0,320.0
1615.0,360.5
1616.0,400.0
1617.0,306.0
1618.0,395.0
1619.0,340.0
1620.0,324.5
1621.0,339.0
1622.0,347.5
1623.0,356.5
1624.0,337.0
1625.0,383.0
1626.0,350.0
1627.0,336.0
1628.0,305.5
1629.0,317.5
1630.0,357.5
1631.0,309.5
1632.0,376.0
1633.0,348.0
1634.0,373.0
1635.0,422.0
1636.0,380.0
1637.0,321.0
1638.0,420.5
1639.0,352.0
1640.0,349.0
1641.0,354.0
1642.0,348.5
1643.0,298.0
1644.0,372.0
1645.0,393.0
1646.0,399.5
1647.0,357.0
1648.0,319.0
1649.0,398.0
1650.0,352.5
1651.0,326.5
1652.0,319.0
1653.0,292.0
1654.0,304.0
1655.0,379.5
1656.0,376.5
1657.0,360.5
1658.0,308.5
1659.0,274.0
1660.0,325.0
1661.0,322.0
1662.0,377.0
1663.0,274.5
1664.0,378.0
1665.0,302.0
1666.0,341.0
1667.0,383.5
1668.0,324.0
1669.0,385.0
1670.0,256.0
1671.0,378.0
1672.0,308.5
1673.0,382.0
1674.0,303.0
1675.0,335.5
1676.0,321.0
1677.0,346.0
1678.0,367.0
1679.0,476.5
1680.0,312.0
1681.0,360.0
1682.0,355.5
1683.0,328.0
1684.0,341.0
1685.0,341.0
1686.0,369.0
1687.0,349.5
1688.0,313.0
1689.0,387.5
1690.0,353.0
1691.0,353.0
1692.0,293.0
1693.0,285.5
1694.0,296.0
1695.0,348.5
1696.0,384.0
1697.0,360.5
1698.0,363.5
1699.0,351.0
1700.0,354.5
1701.0,396.0
1702.0,412.0
1703.0,350.0
1704.0,347.0
1705.0,400.0
1706.0,406.0
1707.0,308.0
1708.0,391.0
1709.0,422.5
1710.0,326.5
1711.0,413.0
1712.0,325.0
1713.0,311.5
1714.0,421.0
1715.0,414.0
1716.0,402.0
1717.0,351.0
1718.0,354.0
1719.0,385.0
1720.0,399.0
1721.0,316.5
1722.0,363.0
1723.0,391.5
1724.0,363.0
1725.0,363.0
1726.0,289.0
1727.0,386.0
1728.0,392.0
1729.0,383.0
1730.0,350.0
1731.0,400.0
1732.0,307.0
1733.0,361.0
1734.0,365.0
1735.0,380.5
1736.0,313.0
1737.0,445.0
1738.0,412.5
1739.0,359.0
1740.0,360.0
1741.0,323.0
1742.0,339.0
1743.0,351.5
1744.0,536.0
1745.0,374.0
1746.0,363.0
1747.0,317.0
1748.0,329.0
1749.0,342.0
1750.0,349.5
1751.0,390.0
1752.0,403.0
1753.0,361.0
1754.0,353.0
1755.0,331.0
1756.0,370.5
1757.0,464.0
1758.0,347.0
1759.0,366.0
1760.0,366.0
1761.0,443.0
1762.0,314.0
1764.0,361.0
1765.0,318.0
1766.0,410.0
1767.0,280.0
1768.0,409.5
1769.0,410.0
1770.0,370.0
1771.0,363.5
1772.0,471.0
1773.0,345.0
1774.0,307.0
1775.0,296.0
1776.0,417.0
1777.0,369.0
1778.0,315.5
1779.0,345.5
1780.0,289.0
1781.0,344.0
1782.0,384.0
1783.0,395.0
1784.0,311.5
1785.0,360.0
1786.0,348.0
1787.0,329.0
1788.0,405.0
1789.0,424.0
1790.0,356.0
1791.0,357.5
1792.0,404.0
1793.0,364.0
1794.0,357.5
1795.0,354.0
1796.0,384.5
1797.0,343.0
1798.0,395.0
1799.0,394.0
1800.0,301.0
1801.0,384.0
1802.0,368.0
1803.0,304.0
1804.0,284.0
1805.0,303.0
1806.0,373.5
1807.0,442.0
1808.0,375.0
1809.0,640.0
1810.0,371.0
1811.0,348.5
1812.0,337.0
1813.0,407.0
1814.0,327.0
1815.0,488.0
1816.0,330.0
1817.0,400.0
1818.0,391.0
1819.0,389.0
1820.0,321.0
1821.0,403.5
1822.0,365.5
1823.0,457.0
1824.0,354.0
1825.0,441.5
1826.0,319.0
1827.0,382.0
1828.0,453.0
1829.0,424.5
1830.0,361.0
1831.0,356.0
1832.0,442.5
1833.0,355.0
1834.0,390.5
1835.0,396.5
1836.0,335.5
1837.0,343.0
1838.0,490.5
1839.0,324.0
1840.0,309.0
1841.0,391.0
1842.0,426.5
1843.0,347.5
1844.0,382.0
1845.0,342.5
1846.0,419.0
1847.0,371.0
1848.0,438.5
1849.0,451.0
1851.0,344.0
1852.0,375.5
1853.0,392.0
1854.0,383.0
1855.0,527.0
1856.0,444.0
1857.0,572.0
1858.0,366.5
1859.0,337.0
1860.0,400.0
1861.0,430.0
1862.0,359.0
1863.0,497.0
1864.0,357.0
1865.0,382.0
1866.0,364.0
1867.0,403.0
1868.0,356.0
1869.0,382.0
1870.0,348.0
1871.0,342.0
1872.0,357.0
1873.0,351.0
1874.0,367.5
1875.0,363.0
1876.0,356.5
1877.0,452.5
1878.0,342.5
1879.0,312.0
1880.0,435.0
1881.0,379.0
1882.0,428.0
1883.0,298.0
1884.0,515.5
1885.0,398.0
1887.0,356.0
1888.0,411.0
1889.0,398.5
1890.0,400.0
1891.0,337.0
1892.0,404.5
1893.0,442.0
1894.0,367.5
1895.0,420.0
1896.0,412.0
1897.0,332.5
1898.0,450.5
1899.0,402.0
1900.0,401.0
1901.0,397.0
1902.0,402.0
1903.0,386.0
1904.0,320.0
1905.0,373.0
1906.0,371.0
1907.0,336.5
1908.0,422.5
1909.0,398.0
1910.0,352.0
1911.0,472.0
1912.0,372.5
1913.0,441.0
1914.0,425.0
1915.0,316.0
1916.0,432.0
1917.0,419.0
1918.0,351.5
1919.0,377.0
1920.0,425.5
1921.0,409.5
1922.0,377.5
1923.0,386.0
1924.0,520.0
1925.0,443.0
1926.0,556.0
1927.0,386.0
1928.0,429.0
1929.0,417.0
1930.0,358.5
1931.0,422.0
1932.0,419.0
1933.0,411.0
1934.0,408.0
1935.0,424.0
1936.0,363.5
1937.0,439.0
1938.0,399.0
1939.0,355.0
1940.0,384.0
1941.0,456.5
1942.0,415.5
1943.0,388.5
1944.0,353.0
1945.0,413.0
1946.0,400.0
1947.0,383.0
1948.0,378.5
1949.0,445.0
1950.0,385.0
1951.0,353.0
1952.0,434.0
1953.0,404.0
1954.0,368.0
1955.0,398.0
1956.0,336.5
1957.0,409.0
1958.0,368.0
1959.0,342.0
1960.0,393.0
1961.0,565.0
1962.0,387.0
1963.0,425.0
1964.0,315.0
1965.0,480.0
1966.0,380.5
1967.0,355.0
1968.0,411.0
1969.0,353.0
1970.0,453.5
1971.0,374.0
1972.0,367.0
1973.0,367.0
1974.0,426.0
1975.0,373.0
1976.0,469.0
1977.0,481.5
1978.0,455.5
1979.0,443.0
1980.0,614.0
1981.0,371.0
1982.0,358.0
1983.0,344.0
1984.0,420.0
1985.0,432.0
1986.0,427.0
1987.0,390.5
1988.0,483.0
1989.0,401.0
1990.0,442.0
1991.0,426.0
1992.0,392.0
1993.0,396.0
1994.0,441.0
1995.0,448.0
1996.0,405.0
1997.0,358.5
1998.0,414.0
1999.0,415.0
2000.0,383.5
2001.0,373.0
2002.0,416.0
2003.0,399.5
2004.0,385.0
2005.0,363.5
2006.0,453.0
2007.0,397.0
2008.0,466.0
2009.0,419.0
2010.0,433.0
2011.0,495.0
2012.0,391.0
2013.0,568.0
2014.0,453.5
2015.0,356.0
2016.0,387.0
2017.0,393.0
2018.0,415.0
2019.0,394.0
2020.0,433.5
2021.0,433.0
2022.0,333.5
2023.0,358.5
2024.0,339.0
2025.0,489.5
2026.0,439.0
2027.0,428.0
2028.0,489.0
2029.0,367.5
2030.0,545.0
2031.0,357.0
2032.0,328.0
2033.0,445.0
2034.0,341.0
2035.0,501.0
2036.0,394.5
2037.0,489.5
2038.0,379.0
2039.0,373.0
2040.0,402.0
2041.0,349.0
2042.0,378.0
2043.0,443.0
2044.0,402.0
2045.0,378.0
2046.0,569.5
2047.0,347.0
2048.0,425.0
2049.0,407.5
2050.0,485.0
2051.0,351.0
2052.0,435.0
2053.0,426.5
2054.0,398.0
2055.0,400.0
2056.0,413.0
2057.0,550.0
2058.0,412.0
2059.0,388.0
2060.0,398.5
2061.0,465.0
2062.0,376.0
2063.0,496.0
2064.0,460.5
2065.0,454.5
2066.0,401.0
2067.0,452.0
2068.0,356.0
2069.0,364.5
2070.0,490.5
2071.0,398.0
2072.0,385.0
2073.0,494.0
2074.0,394.0
2075.0,424.0
2076.0,462.0
2077.0,491.0
2079.0,343.0
2080.0,441.0
2081.0,412.0
2082.0,612.0
2083.0,506.0
2084.0,433.0
2085.0,346.0
2086.0,458.0
2087.0,407.0
2088.0,388.0
2089.0,399.0
2090.0,478.0
2091.0,360.0
2092.0,522.0
2093.0,303.0
2094.0,380.0
2095.0,410.0
2096.0,409.0
2097.0,351.0
2098.0,378.0
2099.0,419.5
2101.0,468.0
2102.0,367.5
2103.0,411.0
2104.0,407.0
2105.0,396.0
2106.0,410.0
2107.0,445.0
2108.0,408.0
2109.0,504.0
2110.0,409.0
2111.0,369.5
2112.0,368.5
2113.0,389.0
2114.0,523.5
2115.0,489.0
2116.0,449.5
2117.0,353.0
2118.0,471.5
2119.0,444.0
2120.0,447.5
2121.0,404.0
2122.0,462.0
2123.0,425.0
2124.0,449.0
2125.0,431.0
2126.0,428.5
2127.0,512.0
2128.0,477.0
2129.0,420.0
2130.0,545.0
2131.0,399.0
2132.0,495.0
2133.0,518.0
2134.0,646.5
2135.0,560.0
2136.0,553.0
2137.0,342.0
2138.0,491.5
2139.0,440.0
2140.0,422.5
2141.0,451.0
2142.0,433.5
2143.0,565.0
2144.0,400.0
2145.0,359.5
2146.0,395.0
2147.0,416.0
2148.0,509.0
2149.0,493.0
2150.0,461.0
2151.0,442.0
2152.0,527.0
2153.0,418.0
2154.0,452.0
2155.0,386.5
2156.0,469.0
2157.0,418.0
2158.0,418.5
2159.0,437.0
2160.0,504.0
2161.0,436.0
2162.0,446.0
2163.0,392.0
2164.0,480.0
2165.0,536.0
2166.0,423.0
2167.0,453.5
2168.0,357.0
2169.0,332.0
2170.0,401.0
2171.0,471.0
2172.0,437.0
2173.0,689.5
2174.0,454.0
2175.0,421.5
2176.0,441.5
2177.0,521.0
2178.0,466.0
2179.0,401.0
2180.0,423.0
2181.0,371.0
2182.0,492.0
2183.0,374.5
2184.0,405.0
2185.0,435.0
2186.0,467.0
2187.0,374.5
2188.0,488.5
2189.0,423.0
2190.0,496.0
2191.0,437.0
2192.0,430.5
2193.0,506.0
2194.0,504.0
2195.0,449.0
2196.0,486.0
2197.0,423.0
2198.0,466.0
2199.0,444.0
2200.0,422.0
2201.0,429.0
2202.0,452.0
2203.0,412.0
2204.0,508.0
2205.0,453.0
2206.0,541.0
2207.0,604.5
2208.0,477.0
2209.0,549.0
2210.0,490.5
2211.0,367.0
2212.0,533.0
2213.0,390.0
2214.0,421.0
2215.0,479.5
2216.0,458.0
2217.0,451.0
2218.0,361.5
2219.0,546.0
2220.0,418.5
2221.0,549.0
2222.0,542.0
2223.0,410.0
2224.0,493.5
2225.0,485.0
2226.0,480.0
2227.0,517.0
2228.0,475.5
2229.0,431.5
2230.0,513.0
2231.0,424.5
2232.0,448.0
2233.0,517.0
2234.0,342.5
2236.0,348.0
2237.0,459.0
2238.0,523.0
2239.0,439.0
2240.0,443.0
2241.0,441.5
2242.0,493.0
2243.0,399.0
2244.0,442.0
2245.0,407.0
2246.0,467.0
2247.0,526.0
2248.0,460.0
2249.0,530.0
2250.0,430.0
2251.0,510.0
2252.0,415.0
2253.0,431.0
2254.0,467.5
2255.0,413.0
2256.0,450.0
2257.0,357.0
2258.0,456.0
2259.0,425.0
2260.0,354.0
2261.0,564.5
2262.0,519.0
2263.0,430.0
2264.0,439.0
2265.0,524.5
2267.0,382.0
2268.0,404.0
2269.0,482.0
2270.0,469.5
2271.0,428.0
2272.0,498.0
2273.0,484.5
2274.0,514.0
2275.0,469.0
2276.0,429.0
2277.0,474.0
2278.0,479.0
2279.0,591.0
2280.0,580.0
2281.0,435.0
2282.0,482.5
2283.0,506.0
2284.0,511.0
2285.0,488.0
2286.0,468.0
2287.0,368.5
2288.0,461.0
2289.0,528.5
2290.0,521.5
2292.0,501.5
2293.0,480.0
2294.0,444.5
2295.0,399.0
2296.0,509.0
2297.0,417.5
2298.0,511.0
2299.0,441.0
2300.0,488.0
2301.0,441.5
2302.0,457.0
2303.0,381.0
2304.0,484.5
2305.0,704.5
2306.0,377.0
2307.0,493.0
2308.0,452.0
2309.0,497.5
2310.0,458.0
2311.0,463.0
2312.0,438.5
2313.0,484.5
2314.0,455.5
2315.0,429.5
2316.0,491.5
2317.0,448.0
2318.0,599.5
2319.0,430.0
2320.0,422.0
2321.0,426.5
2322.0,459.0
2323.0,406.0
2324.0,535.5
2325.0,504.0
2326.0,523.0
2327.0,642.0
2328.0,335.0
2329.0,542.0
2330.0,428.0
2331.0,460.5
2332.0,434.0
2333.0,451.5
2334.0,482.5
2335.0,433.5
2336.0,644.0
2337.0,768.0
2338.0,652.0
2339.0,465.0
2340.0,604.0
2341.0,480.5
2342.0,448.5
2343.0,393.0
2344.0,407.0
2345.0,615.5
2346.0,399.0
2347.0,512.0
2348.0,701.0
2349.0,431.0
2350.0,565.0
2351.0,445.0
2352.0,536.0
2353.0,498.5
2355.0,426.0
2356.0,453.5
2357.0,484.0
2358.0,454.0
2359.0,591.0
2360.0,465.5
2361.0,476.5
2362.0,468.0
2363.0,408.0
2364.0,557.0
2365.0,471.0
2366.0,407.5
2367.0,409.0
2369.0,469.0
2370.0,424.0
2371.0,375.0
2372.0,444.0
2373.0,576.5
2374.0,529.0
2375.0,434.0
2376.0,559.0
2377.0,445.0
2378.0,571.5
2379.0,455.0
2380.0,553.0
2381.0,467.0
2382.0,411.5
2383.0,591.5
2384.0,458.0
2385.0,442.5
2386.0,489.0
2387.0,437.0
2388.0,507.0
2389.0,531.0
2390.0,453.0
2391.0,528.0
2392.0,563.5
2393.0,571.5
2394.0,443.0
2395.0,517.0
2396.0,462.0
2397.0,501.0
2398.0,419.0
2399.0,472.0
2400.0,427.0
2401.0,409.0
2402.0,492.0
2403.0,506.5
2404.0,444.0
2405.0,527.0
2406.0,427.5
2407.0,605.5
2408.0,535.0
2409.0,536.0
2410.0,628.5
2411.0,354.0
2412.0,524.0
2413.0,471.5
2414.0,594.0
2415.0,523.5
2416.0,479.5
2417.0,472.5
2418.0,389.0
2419.0,485.0
2420.0,439.0
2421.0,580.0
2422.0,530.5
2423.0,435.0
2424.0,501.0
2425.0,435.0
2426.0,440.0
2427.0,401.0
2428.0,513.0
2429.0,459.0
2430.0,417.0
2431.0,534.0
2432.0,586.0
2433.0,539.0
2434.0,511.0
2435.0,371.0
2436.0,541.0
2437.0,443.0
2438.0,599.0
2439.0,514.0
2440.0,502.0
2441.0,463.0
2442.0,671.5
2443.0,492.0
2444.0,493.5
2445.0,501.0
2446.0,459.5
2447.0,503.0
2448.0,475.0
2449.0,491.5
2450.0,575.0
2451.0,657.0
2452.0,459.5
2453.0,537.0
2454.0,484.5
2455.0,532.0
2456.0,479.0
2457.0,552.0
2458.0,433.0
2459.0,489.0
2460.0,401.0
2461.0,548.5
2462.0,553.0
2463.0,444.5
2464.0,472.0
2465.0,539.0
2467.0,469.0
2468.0,622.0
2469.0,568.5
2470.0,695.0
2471.0,485.5
2472.0,465.5
2473.0,438.0
2474.0,513.0
2475.0,502.0
2476.0,472.0
2477.0,372.0
2478.0,447.5
2479.0,503.0
2480.0,401.0
2481.0,569.5
2482.0,410.5
2483.0,528.0
2484.0,525.0
2485.0,436.5
2486.0,584.0
2487.0,462.5
2488.0,578.0
2489.0,437.0
2490.0,430.0
2491.0,474.0
2492.0,449.0
2493.0,488.0
2494.0,552.0
2495.0,524.0
2496.0,407.0
2497.0,494.0
2498.0,623.5
2499.0,481.0
2500.0,404.5
2501.0,443.0
2502.0,532.0
2503.0,490.5
2504.0,550.0
2505.0,498.5
2506.0,406.0
2507.0,481.5
2508.0,483.0
2509.0,422.0
2510.0,535.0
2511.0,477.5
2512.0,539.0
2513.0,476.0
2514.0,600.0
2515.0,482.0
2516.0,485.0
2517.0,579.0
2518.0,848.5
2519.0,581.0
2520.0,582.0
2521.0,584.0
2522.0,574.5
2523.0,448.5
2524.0,400.5
2525.0,523.0
2526.0,420.0
2527.0,450.0
2528.0,563.0
2529.0,358.0
2530.0,525.0
2531.0,461.0
2532.0,479.0
2533.0,518.0
2534.0,557.0
2535.0,455.0
2536.0,464.0
2537.0,470.5
2539.0,516.0
2541.0,381.0
2542.0,482.0
2543.0,413.5
2545.0,434.0
2546.0,475.5
2547.0,507.5
2548.0,647.0
2549.0,591.0
2550.0,449.0
2551.0,448.0
2552.0,545.0
2553.0,405.0
2554.0,508.0
2555.0,548.0
2556.0,587.0
2557.0,540.0
2558.0,487.0
2559.0,539.0
2560.0,365.0
2561.0,479.0
2562.0,667.5
2563.0,434.0
2564.0,479.5
2565.0,479.0
2566.0,449.0
2567.0,530.0
2568.0,421.0
2569.0,586.0
2570.0,650.0
2571.0,502.0
2572.0,504.0
2573.0,561.5
2574.0,710.5
2575.0,680.0
2576.0,432.0
2577.0,404.0
2578.0,471.5
2579.0,561.0
2580.0,381.0
2581.0,561.0
2582.0,628.0
2583.0,663.0
2584.0,520.0
2585.0,480.0
2586.0,765.0
2587.0,531.0
2588.0,435.0
2589.0,535.5
2590.0,607.0
2591.0,585.0
2592.0,414.0
2593.0,504.0
2594.0,539.0
2595.0,428.0
2596.0,568.5
2597.0,522.0
2598.0,543.5
2599.0,500.0
2600.0,398.0
2601.0,664.0
2602.0,509.0
2603.0,467.0
2604.0,454.0
2605.0,474.0
2606.0,426.0
2607.0,542.5
2608.0,576.0
2609.0,593.0
2610.0,597.0
2611.0,449.0
2612.0,500.0
2613.0,519.0
2614.0,596.5
2615.0,525.0
2616.0,519.5
2617.0,659.0
2618.0,582.0
2619.0,599.0
2620.0,464.0
2621.0,513.0
2622.0,519.5
2623.0,593.5
2624.0,1116.0
2625.0,552.5
2627.0,468.0
2628.0,494.0
2629.0,462.0
2630.0,474.0
2631.0,716.0
2632.0,450.0
2634.0,463.0
2635.0,462.0
2636.0,638.0
2637.0,511.0
2638.0,533.5
2639.0,448.0
2641.0,635.0
2642.0,696.0
2643.0,509.0
2644.0,461.5
2645.0,815.5
2646.0,607.0
2647.0,539.0
2648.0,478.0
2649.0,495.5
2650.0,538.5
2651.0,572.0
2652.0,342.0
2653.0,621.0
2654.0,504.0
2655.0,435.0
2656.0,506.0
2657.0,515.0
2658.0,484.0
2659.0,765.0
2660.0,608.5
2662.0,464.0
2663.0,536.0
2664.0,541.0
2665.0,556.0
2666.0,482.5
2667.0,671.0
2668.0,516.0
2669.0,647.0
2670.0,493.0
2671.0,647.0
2672.0,542.5
2673.0,578.0
2674.0,492.0
2675.0,550.5
2676.0,484.0
2677.0,644.0
2678.0,511.0
2679.0,496.5
2680.0,634.0
2681.0,470.0
2682.0,599.0
2683.0,555.0
2685.0,601.0
2686.0,417.0
2687.0,620.0
2688.0,477.0
2689.0,597.0
2690.0,459.0
2691.0,536.5
2692.0,470.0
2693.0,494.5
2695.0,650.0
2696.0,601.0
2697.0,664.5
2698.0,623.0
2699.0,547.5
2700.0,702.0
2701.0,576.0
2702.0,667.5
2703.0,602.0
2704.0,514.0
2705.0,648.0
2706.0,477.0
2707.0,498.0
2708.0,435.0
2709.0,581.5
2710.0,575.0
2711.0,508.0
2712.0,428.0
2713.0,533.0
2714.0,640.5
2715.0,466.0
2716.0,546.0
2717.0,376.0
2718.0,475.5
2719.0,502.0
2720.0,501.0
2721.0,627.0
2722.0,554.0
2723.0,565.0
2724.0,593.0
2725.0,531.0
2726.0,465.0
2727.0,500.0
2728.0,648.0
2729.0,725.0
2730.0,415.0
2731.0,556.0
2732.0,867.0
2733.0,510.0
2734.0,654.0
2735.0,539.0
2736.0,549.5
2737.0,868.0
2738.0,509.0
2739.0,555.0
2740.0,615.0
2741.0,514.0
2742.0,441.0
2743.0,708.0
2744.0,541.0
2745.0,551.0
2746.0,504.5
2747.0,717.5
2748.0,559.5
2749.0,557.0
2750.0,521.0
2751.0,502.0
2752.0,552.0
2753.0,494.0
2754.0,523.5
2755.0,519.0
2756.0,546.5
2757.0,713.0
2758.0,649.0
2759.0,409.0
2761.0,501.0
2762.0,532.5
2763.0,456.0
2764.0,491.0
2765.0,495.0
2766.0,604.0
2767.0,584.0
2768.0,752.0
2769.0,592.5
2770.0,614.0
2771.0,730.5
2772.0,537.0
2773.0,679.0
2774.0,508.5
2775.0,389.0
2778.0,431.0
2779.0,639.0
2780.0,462.0
2781.0,574.0
2782.0,592.0
2783.0,678.0
2784.0,525.0
2785.0,509.0
2786.0,475.0
2787.0,578.0
2788.0,591.5
2789.0,503.0
2790.0,513.0
2791.0,546.0
2792.0,615.0
2793.0,686.0
2794.0,523.0
2795.0,599.0
2796.0,608.5
2797.0,685.0
2798.0,459.0
2799.0,596.0
2800.0,566.0
2801.0,584.0
2802.0,618.0
2803.0,591.5
2804.0,584.0
2805.0,573.0
2806.0,576.0
2807.0,558.5
2808.0,584.5
2809.0,635.0
2810.0,566.0
2811.0,
2812.0,567.5
2813.0,535.5
2814.0,485.0
2815.0,510.0
2816.0,570.0
2817.0,660.0
2818.0,1036.5
2819.0,561.5
2820.0,515.0
2821.0,628.0
2822.0,525.0
2823.0,504.5
2824.0,523.0
2825.0,461.5
2826.0,464.0
2827.0,618.0
2828.0,583.0
2829.0,480.0
2830.0,480.0
2831.0,506.0
2832.0,393.0
2833.0,628.0
2834.0,571.5
2835.0,587.5
2836.0,431.5
2837.0,643.0
2838.0,649.0
2839.0,592.0
2840.0,491.0
2841.0,645.5
2842.0,655.0
2843.0,603.0
2844.0,612.5
2845.0,500.0
2846.0,553.0
2848.0,623.0
2849.0,535.0
2850.0,635.0
2851.0,668.5
2852.0,592.0
2853.0,588.0
2854.0,528.0
2855.0,558.0
2856.0,534.0
2857.0,468.5
2858.0,561.5
2859.0,464.0
2860.0,617.0
2861.0,714.5
2862.0,575.0
2863.0,534.0
2864.0,514.0
2865.0,460.0
2866.0,648.0
2867.0,615.0
2868.0,496.5
2869.0,578.5
2870.0,529.0
2871.0,581.0
2872.0,543.5
2873.0,718.0
2874.0,592.0
2875.0,552.0
2876.0,593.5
2877.0,507.0
2878.0,599.0
2879.0,578.0
2880.0,773.5
2881.0,516.0
2884.0,614.5
2885.0,859.0
2886.0,583.0
2887.0,351.0
2888.0,546.0
2889.0,624.0
2890.0,453.0
2891.0,793.0
2892.0,569.0
2893.0,556.5
2894.0,602.0
2895.0,463.0
2896.0,525.5
2897.0,459.5
2898.0,419.0
2899.0,657.0
2900.0,602.5
2901.0,567.0
2902.0,506.0
2903.0,413.5
2904.0,702.0
2905.0,561.0
2906.0,578.0
2907.0,559.0
2908.0,595.0
2909.0,748.0
2910.0,764.0
2911.0,562.0
2912.0,541.0
2913.0,723.0
2914.0,699.0
2915.0,492.0
2916.0,594.0
2917.0,543.0
2918.0,576.0
2919.0,550.0
2920.0,781.5
2921.0,545.0
2922.0,739.0
2923.0,637.0
2924.0,573.5
2925.0,678.5
2926.0,562.0
2927.0,612.5
2928.0,600.0
2929.0,560.5
2930.0,534.5
2931.0,535.0
2932.0,739.0
2933.0,590.0
2934.0,950.0
2935.0,618.0
2936.0,664.5
2937.0,524.0
2938.0,582.5
2939.0,605.0
2940.0,809.0
2941.0,670.5
2943.0,518.0
2944.0,558.0
2945.0,635.0
2946.0,844.5
2947.0,
2948.0,542.0
2949.0,662.0
2950.0,387.0
2951.0,588.0
2952.0,581.5
2953.0,561.0
2954.0,371.0
2955.0,536.5
2956.0,469.0
2958.0,670.0
2959.0,529.0
2960.0,692.0
2962.0,551.5
2963.0,838.0
2964.0,747.0
2965.0,599.0
2966.0,547.0
2967.0,514.0
2968.0,674.0
2969.0,536.0
2970.0,561.5
2971.0,350.0
2972.0,
2973.0,807.0
2974.0,541.5
2975.0,643.0
2976.0,558.5
2978.0,505.0
2979.0,583.0
2980.0,515.5
2981.0,605.0
2982.0,664.0
2983.0,526.0
2984.0,406.0
2985.0,607.0
2986.0,627.0
2987.0,613.5
2988.0,677.0
2989.0,479.0
2990.0,450.0
2991.0,511.0
2992.0,573.0
2993.0,470.5
2994.0,669.5
2995.0,555.0
2996.0,495.0
2998.0,536.5
2999.0,612.5
3000.0,491.0
3002.0,591.0
3003.0,699.0
3004.0,631.0
3005.0,672.5
3006.0,483.5
3007.0,622.5
3008.0,728.5
3009.0,715.5
3011.0,546.5
3012.0,571.5
3013.0,563.0
3014.0,658.0
3015.0,581.0
3016.0,601.0
3017.0,672.5
3018.0,552.0
3019.0,578.0
3020.0,842.0
3023.0,518.0
3024.0,769.0
3025.0,669.5
3026.0,556.0
3027.0,608.0
3028.0,794.5
3029.0,555.0
3030.0,553.0
3031.0,554.0
3032.0,631.0
3033.0,580.0
3034.0,428.5
3035.0,598.0
3036.0,533.0
3037.0,540.5
3038.0,473.0
3039.0,580.5
3040.0,675.5
3042.0,697.0
3043.0,613.5
3044.0,652.0
3045.0,570.0
3046.0,592.5
3047.0,527.0
3048.0,597.0
3049.0,595.5
3050.0,563.5
3051.0,689.5
3052.0,692.0
3053.0,629.0
3054.0,492.0
3055.0,634.0
3056.0,657.5
3057.0,606.0
3058.0,581.0
3059.0,554.5
3061.0,728.0
3062.0,584.0
3063.0,461.5
3064.0,506.0
3065.0,692.0
3066.0,642.0
3067.0,637.5
3068.0,612.0
3069.0,750.0
3070.0,570.0
3071.0,615.0
3072.0,701.0
3073.0,734.0
3074.0,623.0
3075.0,659.0
3076.0,856.0
3077.0,546.5
3078.0,494.0
3079.0,538.5
3080.0,587.0
3081.0,635.0
3082.0,536.0
3083.0,806.0
3084.0,614.5
3085.0,621.0
3087.0,532.0
3088.0,719.0
3089.0,508.0
3090.0,652.0
3091.0,697.0
3094.0,537.5
3095.0,554.0
3096.0,586.5
3097.0,729.0
3098.0,516.0
3099.0,679.0
3100.0,617.0
3101.0,547.0
3102.0,734.0
3103.0,569.0
3104.0,551.0
3105.0,582.0
3106.0,659.0
3107.0,767.0
3108.0,534.0
3109.0,566.5
3110.0,764.0
3111.0,574.5
3112.0,881.0
3114.0,686.0
3115.0,622.0
3116.0,661.0
3117.0,475.0
3118.0,528.0
3119.0,637.5
3120.0,620.0
3121.0,456.0
3122.0,579.0
3123.0,590.5
3124.0,512.0
3125.0,785.0
3126.0,627.0
3127.0,674.0
3128.0,661.0
3129.0,549.5
3131.0,646.5
3132.0,738.0
3133.0,781.0
3134.0,518.0
3135.0,524.0
3136.0,466.0
3137.0,503.0
3138.0,524.0
3139.0,578.0
3141.0,670.0
3142.0,632.0
3143.0,553.0
3144.0,741.5
3145.0,703.5
3146.0,682.5
3148.0,752.5
3149.0,676.0
3150.0,672.0
3151.0,482.0
3152.0,550.0
3153.0,486.0
3154.0,674.0
3155.0,576.0
3156.0,695.5
3157.0,637.0
3158.0,515.0
3159.0,650.5
3160.0,567.0
3161.0,
3162.0,640.0
3163.0,759.5
3164.0,652.0
3165.0,533.0
3166.0,628.5
3167.0,644.0
3168.0,598.0
3169.0,719.0
3170.0,572.0
3171.0,765.0
3172.0,632.0
3173.0,485.5
3174.0,506.0
3175.0,896.5
3176.0,468.0
3177.0,713.0
3178.0,631.0
3179.0,639.0
3180.0,547.0
3181.0,580.5
3182.0,730.0
3183.0,514.0
3184.0,641.0
3185.0,715.0
3186.0,876.0
3187.0,719.5
3188.0,708.0
3189.0,680.0
3190.0,489.0
3191.0,456.0
3192.0,506.0
3193.0,688.0
3194.0,454.0
3195.0,410.0
3196.0,510.0
3197.0,809.0
3199.0,591.0
3200.0,687.0
3201.0,542.0
3202.0,696.0
3203.0,653.0
3204.0,581.5
3205.0,465.0
3207.0,647.0
3208.0,667.0
3209.0,723.0
3210.0,646.0
3211.0,847.0
3212.0,572.0
3213.0,754.0
3214.0,551.0
3215.0,688.5
3216.0,566.5
3217.0,715.5
3218.0,1021.0
3219.0,969.0
3220.0,603.0
3221.0,783.0
3222.0,559.0
3223.0,564.0
3224.0,634.5
3225.0,555.0
3226.0,838.0
3227.0,749.0
3228.0,552.5
3229.0,616.0
3230.0,587.0
3231.0,806.5
3233.0,754.0
3234.0,631.5
3235.0,708.5
3236.0,752.5
3237.0,507.0
3238.0,586.5
3239.0,806.0
3240.0,566.5
3241.0,464.0
3242.0,739.0
3243.0,517.0
3244.0,520.0
3245.0,959.0
3246.0,601.0
3247.0,692.0
3248.0,850.0
3249.0,937.0
3250.0,548.0
3251.0,656.0
3252.0,610.0
3253.0,573.0
3254.0,465.0
3256.0,726.0
3257.0,679.0
3258.0,516.5
3259.0,942.0
3260.0,663.0
3262.0,668.0
3263.0,651.0
3264.0,576.0
3265.0,658.0
3266.0,566.5
3267.0,762.0
3268.0,603.5
3269.0,647.0
3270.0,818.0
3271.0,599.0
3273.0,495.0
3274.0,820.0
3275.0,599.0
3276.0,628.0
3277.0,648.0
3278.0,762.0
3279.0,647.0
3280.0,751.0
3281.0,768.0
3282.0,609.5
3283.0,730.5
3285.0,666.0
3287.0,793.0
3289.0,674.5
3290.0,693.0
3291.0,679.5
3292.0,720.0
3293.0,585.0
3294.0,744.0
3295.0,692.0
3296.0,537.0
3297.0,676.0
3298.0,716.0
3299.0,610.0
3300.0,790.0
3301.0,712.0
3302.0,713.0
3303.0,512.0
3304.0,714.0
3305.0,841.0
3306.0,629.0
3307.0,550.0
3308.0,662.0
3309.0,603.0
3310.0,586.0
3311.0,702.0
3312.0,792.5
3313.0,769.0
3314.0,638.0
3316.0,636.0
3317.0,1058.0
3318.0,441.0
3319.0,788.0
3320.0,635.5
3322.0,805.0
3323.0,499.0
3325.0,697.0
3326.0,565.0
3327.0,1011.0
3328.0,625.0
3329.0,628.5
3330.0,661.5
3331.0,777.0
3332.0,762.0
3333.0,752.0
3334.0,565.0
3335.0,614.0
3337.0,568.0
3338.0,570.0
3339.0,592.5
3340.0,840.0
3341.0,758.5
3342.0,644.0
3343.0,455.0
3344.0,550.5
3345.0,685.0
3346.0,613.0
3348.0,555.0
3349.0,642.0
3350.0,706.0
3351.0,484.0
3352.0,891.0
3353.0,721.5
3354.0,683.0
3355.0,666.0
3356.0,641.5
3357.0,621.0
3358.0,1069.0
3359.0,660.0
3360.0,740.5
3361.0,722.0
3362.0,630.0
3364.0,685.0
3365.0,644.0
3366.0,677.0
3367.0,545.0
3369.0,602.5
3370.0,433.0
3371.0,665.0
3372.0,720.0
3373.0,815.0
3374.0,671.0
3375.0,763.0
3376.0,720.0
3377.0,669.0
3379.0,647.5
3380.0,760.5
3381.0,729.0
3382.0,793.5
3383.0,456.0
3384.0,819.0
3386.0,729.0
3387.0,820.0
3388.0,492.0
3389.0,704.0
3390.0,580.0
3391.0,586.5
3392.0,709.0
3393.0,574.0
3395.0,900.5
3396.0,705.0
3397.0,641.5
3398.0,635.5
3400.0,677.0
3401.0,616.0
3402.0,747.0
3403.0,661.0
3404.0,861.0
3405.0,805.0
3406.0,673.0
3407.0,978.0
3408.0,542.0
3409.0,493.0
3410.0,800.0
3412.0,667.0
3413.0,728.5
3414.0,580.0
3415.0,619.5
3416.0,707.0
3417.0,732.0
3418.0,740.0
3419.0,854.5
3420.0,766.0
3421.0,598.0
3422.0,596.0
3424.0,690.0
3425.0,691.5
3426.0,632.0
3427.0,696.0
3428.0,570.0
3429.0,648.5
3430.0,548.0
3431.0,934.0
3432.0,516.0
3433.0,748.0
3434.0,835.0
3435.0,650.5
3436.0,743.0
3437.0,562.0
3440.0,739.0
3442.0,1109.0
3443.0,536.0
3444.0,619.0
3445.0,872.5
3446.0,950.0
3447.0,857.0
3448.0,896.0
3449.0,560.0
3451.0,625.0
3452.0,787.5
3453.0,722.5
3454.0,648.0
3455.0,592.5
3456.0,545.0
3457.0,699.0
3458.0,638.0
3459.0,606.5
3460.0,656.5
3461.0,693.5
3462.0,814.0
3463.0,1170.0
3464.0,749.0
3465.0,703.0
3467.0,749.0
3468.0,675.0
3469.0,661.0
3470.0,601.0
3471.0,530.0
3472.0,956.0
3473.0,
3474.0,639.0
3475.0,807.0
3476.0,647.0
3477.0,462.0
3478.0,730.0
3479.0,451.5
3480.0,568.0
3481.0,708.0
3482.0,614.0
3483.0,764.0
3484.0,582.0
3485.0,678.0
3486.0,695.0
3487.0,740.0
3488.0,452.0
3490.0,628.5
3491.0,657.0
3494.0,557.0
3495.0,834.0
3497.0,832.0
3498.0,702.0
3499.0,671.5
3500.0,1036.0
3502.0,508.0
3503.0,792.5
3504.0,862.0
3505.0,745.0
3506.0,563.0
3507.0,669.0
3508.0,751.0
3509.0,795.5
3510.0,791.0
3511.0,646.0
3512.0,632.0
3513.0,712.5
3514.0,593.5
3515.0,716.5
3516.0,661.0
3517.0,738.5
3518.0,658.0
3519.0,583.0
3520.0,638.0
3521.0,747.0
3522.0,938.0
3523.0,669.0
3526.0,574.0
3527.0,547.0
3528.0,816.0
3531.0,631.0
3532.0,687.0
3533.0,1061.0
3535.0,715.5
3536.0,646.0
3538.0,726.0
3539.0,869.0
3540.0,679.5
3541.0,550.0
3542.0,507.0
3543.0,
3544.0,691.0
3545.0,700.0
3546.0,584.0
3547.0,506.0
3548.0,639.0
3549.0,604.0
3550.0,895.0
3551.0,1037.0
3552.0,575.0
3553.0,847.0
3554.0,645.0
3556.0,521.0
3557.0,890.0
3558.0,588.0
3559.0,734.0
3560.0,593.0
3561.0,560.0
3562.0,416.5
3563.0,832.0
3565.0,892.0
3566.0,701.0
3568.0,618.5
3569.0,821.0
3570.0,713.0
3571.0,616.0
3572.0,592.0
3574.0,485.0
3575.0,561.0
3576.0,554.0
3577.0,581.0
3578.0,677.0
3579.0,672.0
3580.0,611.0
3581.0,769.0
3583.0,672.0
3584.0,713.5
3585.0,757.0
3586.0,921.0
3587.0,904.0
3588.0,744.0
3589.0,507.0
3592.0,642.0
3593.0,659.0
3595.0,790.0
3596.0,494.0
3597.0,591.5
3598.0,919.5
3600.0,536.0
3602.0,738.0
3603.0,832.5
3604.0,734.0
3605.0,707.0
3606.0,699.0
3608.0,682.0
3609.0,712.0
3610.0,682.5
3611.0,640.0
3612.0,737.0
3613.0,973.0
3614.0,960.0
3615.0,696.0
3616.0,722.0
3617.0,597.0
3618.0,767.5
3619.0,770.0
3620.0,607.0
3621.0,632.0
3623.0,734.0
3624.0,812.0
3626.0,528.0
3631.0,635.0
3633.0,964.0
3634.0,718.0
3635.0,781.0
3636.0,749.0
3637.0,933.0
3638.0,868.0
3639.0,1002.0
3640.0,835.0
3641.0,897.0
3642.0,684.0
3643.0,951.5
3646.0,552.0
3648.0,844.5
3649.0,755.0
3651.0,465.0
3652.0,923.0
3653.0,780.5
3654.0,689.0
3655.0,571.5
3656.0,681.0
3657.0,820.0
3658.0,612.0
3659.0,735.0
3660.0,634.0
3661.0,692.0
3662.0,710.0
3663.0,618.5
3664.0,683.0
3665.0,870.0
3666.0,562.0
3667.0,924.5
3668.0,878.5
3669.0,617.0
3670.0,704.5
3671.0,726.5
3672.0,826.5
3673.0,881.0
3674.0,808.0
3675.0,649.0
3676.0,623.5
3677.0,600.0
3678.0,625.5
3679.0,694.0
3680.0,559.0
3684.0,1301.0
3685.0,685.0
3686.0,733.0
3687.0,804.0
3688.0,640.0
3689.0,665.5
3690.0,791.0
3691.0,733.0
3692.0,969.0
3693.0,771.0
3694.0,722.0
3695.0,602.0
3696.0,1039.0
3697.0,753.5
3698.0,574.0
3701.0,633.5
3702.0,648.0
3703.0,877.0
3706.0,1106.0
3707.0,751.0
3708.0,849.0
3711.0,1192.0
3712.0,836.0
3713.0,718.0
3714.0,708.0
3715.0,575.0
3716.0,739.5
3718.0,676.0
3719.0,695.5
3720.0,671.5
3722.0,670.0
3723.0,810.0
3725.0,676.0
3727.0,685.0
3729.0,677.0
3730.0,794.0
3731.0,812.5
3732.0,846.0
3733.0,831.0
3735.0,682.5
3736.0,749.5
3737.0,685.0
3738.0,752.5
3740.0,828.0
3741.0,749.5
3742.0,1180.0
3743.0,581.0
3744.0,699.0
3745.0,798.0
3746.0,750.5
3747.0,658.0
3748.0,707.0
3750.0,736.0
3751.0,913.5
3752.0,520.0
3753.0,756.5
3754.0,588.0
3755.0,525.0
3756.0,662.0
3757.0,722.0
3758.0,757.5
3759.0,489.0
3760.0,880.0
3761.0,627.5
3762.0,1281.0
3763.0,717.0
3764.0,795.5
3765.0,612.0
3766.0,847.0
3768.0,1211.0
3769.0,839.0
3770.0,553.5
3771.0,1017.0
3772.0,619.0
3773.0,694.0
3774.0,600.0
3776.0,697.5
3778.0,939.0
3779.0,711.0
3780.0,766.5
3781.0,712.0
3782.0,771.0
3783.0,616.5
3784.0,577.0
3785.0,808.0
3787.0,643.0
3789.0,842.0
3791.0,487.0
3792.0,707.0
3794.0,848.0
3795.0,676.0
3796.0,650.0
3797.0,668.0
3798.0,586.0
3800.0,728.0
3801.0,582.0
3803.0,898.0
3805.0,596.0
3806.0,794.0
3807.0,806.0
3808.0,646.5
3809.0,1098.0
3810.0,724.5
3811.0,605.0
3812.0,595.0
3813.0,871.0
3814.0,603.0
3815.0,924.0
3817.0,719.0
3819.0,688.0
3821.0,705.0
3823.0,890.0
3824.0,691.5
3825.0,694.5
3826.0,691.0
3827.0,755.0
3830.0,811.5
3831.0,854.0
3832.0,949.0
3833.0,595.0
3836.0,777.0
3838.0,696.0
3839.0,852.0
3841.0,620.0
3842.0,609.0
3843.0,716.0
3844.0,969.0
3845.0,771.5
3846.0,731.5
3847.0,727.0
3848.0,840.0
3850.0,813.0
3851.0,859.0
3852.0,859.0
3853.0,651.0
3854.0,1046.0
3855.0,753.5
3856.0,571.0
3857.0,732.0
3859.0,611.5
3861.0,718.0
3862.0,1186.0
3863.0,537.0
3865.0,802.0
3866.0,539.0
3867.0,573.0
3868.0,902.5
3869.0,773.0
3870.0,795.0
3873.0,484.0
3874.0,565.0
3876.0,780.0
3877.0,687.0
3878.0,665.0
3879.0,943.0
3880.0,770.0
3881.0,734.5
3883.0,763.0
3885.0,710.0
3886.0,599.0
3887.0,779.0
3888.0,858.5
3889.0,790.0
3890.0,648.5
3891.0,732.0
3892.0,520.0
3894.0,1017.0
3895.0,896.0
3896.0,933.5
3897.0,893.0
3899.0,763.0
3900.0,920.0
3902.0,610.0
3903.0,801.0
3905.0,583.0
3906.0,660.0
3907.0,722.0
3908.0,811.0
3909.0,670.0
3910.0,898.5
3911.0,849.0
3912.0,773.0
3913.0,710.0
3914.0,785.5
3915.0,707.0
3917.0,593.5
3919.0,753.5
3920.0,672.5
3921.0,727.0
3924.0,834.0
3927.0,873.0
3929.0,559.0
3930.0,661.0
3931.0,622.0
3933.0,949.0
3934.0,697.0
3936.0,788.0
3938.0,719.0
3939.0,852.0
3940.0,710.5
3941.0,655.0
3942.0,748.0
3943.0,737.0
3944.0,909.0
3946.0,895.5
3949.0,717.0
3951.0,562.0
3952.0,984.0
3956.0,725.5
3957.0,520.0
3958.0,727.0
3959.0,856.0
3960.0,1018.5
3963.0,792.0
3964.0,674.0
3965.0,804.0
3966.0,672.5
3967.0,766.0
3968.0,931.0
3969.0,834.0
3970.0,821.0
3972.0,842.0
3973.0,595.0
3974.0,548.0
3976.0,835.5
3977.0,869.5
3978.0,1073.0
3979.0,635.5
3982.0,1045.0
3983.0,876.0
3985.0,567.0
3986.0,706.0
3988.0,1098.0
3990.0,892.0
3991.0,1031.0
3994.0,990.0
3995.0,666.0
3996.0,649.0
3997.0,917.5
3998.0,738.0
3999.0,727.0
4001.0,999.0
4003.0,717.5
4005.0,793.0
4006.0,779.5
4007.0,700.0
4011.0,963.0
4013.0,903.0
4014.0,868.0
4015.0,663.0
4016.0,831.0
4018.0,986.0
4019.0,840.5
4020.0,655.0
4021.0,701.0
4022.0,1081.0
4025.0,574.0
4026.0,718.0
4028.0,896.0
4030.0,
4031.0,923.0
4032.0,814.0
4033.0,754.5
4034.0,611.0
4035.0,641.0
4036.0,880.0
4037.0,586.0
4038.0,899.5
4039.0,687.0
4040.0,843.0
4042.0,923.5
4043.0,952.0
4044.0,551.0
4045.0,623.0
4046.0,731.0
4047.0,769.0
4048.0,562.0
4049.0,947.0
4050.0,712.0
4051.0,753.0
4052.0,955.0
4053.0,912.0
4054.0,683.0
4055.0,737.0
4056.0,637.0
4057.0,624.0
4058.0,511.0
4059.0,730.0
4061.0,836.0
4062.0,597.0
4064.0,871.0
4065.0,741.0
4066.0,951.0
4070.0,512.0
4071.0,888.0
4072.0,905.0
4073.0,718.0
4075.0,1006.0
4077.0,777.0
4078.0,484.0
4079.0,1112.0
4082.0,622.0
4084.0,1062.0
4085.0,897.5
4086.0,851.0
4089.0,855.0
4090.0,1271.0
4091.0,810.5
4093.0,651.0
4094.0,634.0
4095.0,578.0
4096.0,623.0
4097.0,825.5
4098.0,1100.0
4099.0,1287.0
4100.0,740.0
4104.0,1012.5
4108.0,882.5
4109.0,820.0
4110.0,846.5
4111.0,538.0
4112.0,730.0
4113.0,767.0
4114.0,710.0
4115.0,832.5
4116.0,949.0
4117.0,752.0
4120.0,961.5
4122.0,814.0
4123.0,874.0
4125.0,1020.0
4126.0,696.0
4127.0,689.0
4131.0,888.5
4132.0,741.5
4133.0,744.0
4136.0,886.0
4137.0,649.0
4138.0,967.5
4139.0,544.0
4140.0,
4142.0,1031.0
4143.0,775.5
4144.0,826.0
4145.0,869.0
4148.0,803.0
4150.0,859.0
4151.0,823.0
4152.0,622.5
4153.0,719.0
4154.0,649.5
4156.0,609.0
4157.0,710.0
4159.0,631.5
4161.0,731.0
4162.0,1080.5
4163.0,1242.0
4164.0,812.0
4165.0,646.0
4166.0,756.0
4167.0,612.0
4168.0,742.0
4169.0,1047.0
4172.0,914.0
4173.0,763.0
4174.0,851.0
4175.0,1058.5
4176.0,779.0
4177.0,832.0
4179.0,814.0
4181.0,804.0
4183.0,586.0
4185.0,884.0
4186.0,
4187.0,684.0
4188.0,976.0
4190.0,946.0
4192.0,752.0
4193.0,915.0
4194.0,742.0
4195.0,706.0
4197.0,1006.0
4198.0,880.5
4199.0,711.5
4201.0,850.0
4202.0,986.0
4203.0,792.0
4205.0,772.0
4208.0,897.0
4209.0,705.5
4210.0,778.0
4211.0,829.5
4213.0,750.0
4215.0,810.0
4216.0,948.0
4217.0,1095.0
4219.0,1125.0
4220.0,981.5
4221.0,781.0
4222.0,712.0
4223.0,672.0
4224.0,632.0
4225.0,886.0
4226.0,1315.0
4227.0,658.0
4228.0,816.0
4229.0,601.0
4230.0,823.0
4232.0,858.0
4234.0,770.0
4235.0,735.0
4236.0,877.0
4239.0,738.5
4240.0,643.0
4241.0,1147.0
4242.0,746.0
4244.0,595.0
4246.0,689.0
4247.0,1253.0
4248.0,840.0
4249.0,927.5
4251.0,899.0
4253.0,709.0
4255.0,971.0
4256.0,803.0
4257.0,908.0
4258.0,719.0
4259.0,588.0
4260.0,688.5
4261.0,866.5
4263.0,1037.0
4264.0,749.0
4265.0,581.0
4267.0,785.0
4269.0,604.5
4270.0,654.0
4272.0,996.0
4273.0,965.0
4274.0,1153.0
4276.0,767.0
4280.0,652.5
4281.0,684.0
4284.0,1042.0
4286.0,1071.0
4288.0,789.0
4289.0,893.0
4292.0,1075.0
4293.0,992.0
4294.0,1224.0
4296.0,1089.0
4297.0,1037.0
4299.0,857.0
4300.0,845.0
4303.0,613.0
4304.0,851.0
4307.0,918.0
4308.0,959.5
4310.0,678.0
4311.0,531.0
4312.0,993.0
4314.0,700.5
4315.0,1304.0
4316.0,678.0
4321.0,582.0
4323.0,775.0
4324.0,944.0
4325.0,1015.0
4326.0,655.0
4327.0,1037.0
4328.0,974.5
4329.0,1089.0
4331.0,668.0
4332.0,862.5
4333.0,947.0
4334.0,641.0
4335.0,808.0
4337.0,673.0
4341.0,716.0
4343.0,515.0
4345.0,1158.0
4350.0,704.0
4356.0,1107.5
4357.0,926.0
4358.0,819.0
4362.0,1053.0
4363.0,690.0
4365.0,865.0
4366.0,1211.0
4367.0,1161.0
4368.0,779.0
4369.0,1353.0
4371.0,703.0
4373.0,777.0
4374.0,1150.0
4375.0,689.0
4376.0,1003.0
4377.0,668.0
4378.0,910.0
4379.0,691.0
4380.0,767.5
4382.0,732.0
4383.0,901.0
4384.0,778.0
4385.0,620.0
4388.0,864.0
4389.0,873.0
4391.0,974.0
4392.0,602.0
4393.0,675.5
4394.0,
4397.0,1056.5
4398.0,905.0
4400.0,695.0
4401.0,698.0
4402.0,728.5
4403.0,891.0
4405.0,717.0
4407.0,1209.0
4408.0,807.0
4409.0,1015.0
4411.0,776.0
4412.0,924.5
4413.0,889.5
4414.0,767.0
4415.0,648.0
4417.0,1054.0
4418.0,980.0
4419.0,822.0
4420.0,903.0
4421.0,702.0
4422.0,784.5
4423.0,632.0
4424.0,834.0
4426.0,995.0
4427.0,
4428.0,704.5
4429.0,1124.0
4430.0,884.5
4431.0,705.0
4436.0,758.0
4438.0,803.0
4439.0,616.0
4444.0,647.0
4446.0,897.0
4448.0,631.0
4449.0,673.5
4450.0,939.0
4452.0,949.0
4453.0,797.0
4454.0,955.0
4458.0,803.5
4459.0,977.5
4460.0,925.0
4461.0,724.5
4462.0,689.0
4464.0,1093.0
4465.0,859.0
4466.0,690.0
4472.0,1579.0
4473.0,923.0
4474.0,929.0
4475.0,1048.0
4476.0,761.0
4477.0,767.0
4478.0,647.0
4481.0,840.5
4483.0,894.0
4485.0,736.0
4486.0,709.0
4491.0,684.5
4492.0,821.0
4493.0,760.0
4494.0,857.5
4496.0,816.5
4497.0,831.0
4499.0,645.0
4500.0,815.0
4505.0,894.0
4506.0,1342.0
4507.0,900.0
4508.0,608.0
4513.0,874.5
4516.0,611.0
4518.0,716.0
4519.0,1081.0
4524.0,860.0
4526.0,717.0
4527.0,881.0
4530.0,1070.0
4534.0,960.5
4535.0,858.5
4536.0,1178.0
4538.0,685.0
4541.0,720.0
4542.0,621.0
4543.0,881.0
4545.0,748.0
4547.0,774.0
4549.0,786.0
4551.0,837.0
4552.0,639.0
4558.0,804.0
4559.0,1104.0
4561.0,1474.0
4563.0,1128.0
4567.0,688.0
4570.0,825.0
4571.0,924.0
4572.0,712.0
4573.0,928.0
4574.0,1152.0
4576.0,831.0
4581.0,881.0
4582.0,1124.0
4583.0,648.0
4584.0,1051.0
4586.0,1042.0
4587.0,810.0
4589.0,594.0
4590.0,1048.5
4591.0,904.0
4595.0,954.0
4596.0,1018.0
4597.0,1009.0
4598.0,834.0
4599.0,931.5
4602.0,1030.5
4605.0,1188.0
4607.0,656.0
4609.0,1148.5
4610.0,
4613.0,749.0
4615.0,1008.0
4617.0,1046.0
4620.0,1265.0
4624.0,785.0
4625.0,1307.0
4627.0,887.0
4630.0,624.0
4631.0,1164.0
4632.0,753.0
4635.0,800.0
4636.0,908.0
4637.0,941.0
4639.0,1374.0
4642.0,1300.0
4643.0,1429.0
4644.0,967.0
4645.0,1196.0
4648.0,806.0
4649.0,977.0
4650.0,791.0
4656.0,1192.5
4657.0,739.0
4663.0,1213.0
4667.0,875.0
4668.0,628.0
4670.0,1039.0
4671.0,912.0
4674.0,791.0
4676.0,897.0
4677.0,581.0
4680.0,758.0
4682.0,899.0
4683.0,992.0
4684.0,540.0
4685.0,965.0
4686.0,816.0
4687.0,793.0
4690.0,1002.0
4694.0,822.0
4698.0,902.0
4701.0,1359.0
4704.0,920.0
4707.0,695.0
4711.0,811.0
4712.0,624.0
4713.0,758.0
4715.0,890.5
4716.0,1372.0
4718.0,1140.0
4719.0,737.5
4721.0,999.0
4724.0,793.0
4735.0,964.0
4742.0,756.0
4747.0,846.0
4750.0,903.0
4753.0,681.0
4754.0,976.0
4755.0,807.0
4759.0,922.5
4760.0,774.0
4763.0,828.0
4767.0,777.0
4768.0,807.0
4769.0,1076.5
4770.0,1023.0
4773.0,873.0
4775.0,886.0
4776.0,1082.0
4778.0,1047.0
4780.0,1026.5
4781.0,703.0
4784.0,1039.0
4786.0,799.0
4787.0,905.0
4789.0,816.0
4791.0,695.0
4794.0,767.0
4795.0,710.0
4798.0,1374.0
4799.0,1122.0
4801.0,699.0
4803.0,575.0
4810.0,991.5
4813.0,849.0
4814.0,643.0
4822.0,1006.5
4827.0,718.0
4832.0,993.0
4833.0,1031.5
4834.0,1527.0
4835.0,854.0
4836.0,1368.0
4838.0,920.0
4839.0,954.0
4841.0,894.0
4843.0,992.0
4845.0,1172.0
4846.0,825.0
4849.0,920.0
4850.0,977.0
4853.0,1105.0
4854.0,912.0
4855.0,1350.0
4859.0,1293.0
4862.0,597.0
4863.0,901.0
4864.0,729.0
4865.0,968.0
4866.0,862.0
4867.0,866.5
4868.0,738.0
4869.0,871.0
4870.0,965.0
4872.0,656.0
4873.0,667.0
4874.0,1349.0
4877.0,1488.0
4879.0,831.0
4880.0,1044.0
4881.0,803.0
4883.0,769.0
4885.0,988.0
4888.0,1126.0
4890.0,1152.0
4891.0,793.0
4893.0,1109.0
4896.0,1083.0
4899.0,847.0
4900.0,809.5
4907.0,1075.0
4909.0,1422.0
4910.0,871.0
4913.0,1069.5
4915.0,805.0
4916.0,1188.5
4919.0,661.0
4920.0,1092.0
4921.0,967.0
4924.0,1007.0
4925.0,948.0
4927.0,1023.5
4928.0,866.5
4929.0,1010.0
4930.0,1381.0
4934.0,1112.0
4935.0,954.0
4937.0,1139.0
4943.0,762.5
4944.0,1164.0
4947.0,714.0
4949.0,626.0
4952.0,1031.0
4956.0,693.0
4961.0,902.0
4964.0,1056.0
4965.0,872.0
4971.0,916.0
4974.0,764.0
4975.0,949.0
4976.0,849.0
4977.0,819.5
4979.0,934.0
4980.0,774.0
4981.0,964.0
4982.0,1358.0
4984.0,1029.0
4985.0,1238.0
4988.0,1169.0
4991.0,674.0
4992.0,
4994.0,1057.0
4999.0,874.0
5001.0,830.0
5005.0,848.0
5009.0,1108.0
5015.0,1126.5
5016.0,1331.0
5018.0,959.5
5020.0,909.0
5022.0,1750.0
5024.0,936.5
5026.0,955.0
5027.0,834.0
5031.0,1168.0
5032.0,1018.5
5036.0,925.5
5040.0,1325.0
5041.0,1134.5
5045.0,972.0
5048.0,982.0
5051.0,1054.0
5054.0,1168.0
5055.0,1036.0
5057.0,790.0
5058.0,965.0
5059.0,780.0
5062.0,2055.0
5065.0,788.0
5066.0,1292.0
5067.0,750.0
5075.0,978.0
5076.0,1034.0
5077.0,1271.0
5078.0,806.0
5080.0,814.0
5087.0,981.0
5089.0,1210.0
5091.0,1074.0
5092.0,988.0
5094.0,746.5
5096.0,1011.0
5098.0,778.0
5102.0,1695.0
5103.0,825.0
5104.0,1026.0
5106.0,1010.0
5108.0,1510.0
5109.0,1482.0
5112.0,1384.0
5113.0,959.0
5114.0,1095.0
5115.0,776.0
5121.0,831.0
5122.0,1544.0
5126.0,711.0
5127.0,814.5
5129.0,1119.0
5130.0,956.5
5131.0,1050.5
5135.0,1180.5
5137.0,1614.0
5138.0,713.0
5143.0,652.0
5144.0,887.0
5147.0,1182.0
5149.0,851.0
5151.0,1101.0
5152.0,1365.0
5153.0,1164.0
5154.0,1094.5
5156.0,910.5
5159.0,832.0
5160.0,851.0
5161.0,1744.0
5166.0,1041.5
5173.0,1069.0
5175.0,971.0
5177.0,856.0
5178.0,1336.0
5179.0,944.0
5180.0,1051.0
5187.0,974.0
5188.0,892.0
5192.0,1019.5
5199.0,1023.0
5200.0,1119.0
5201.0,984.5
5202.0,1037.0
5203.0,957.0
5205.0,859.0
5206.0,992.0
5209.0,917.0
5211.0,949.0
5212.0,872.0
5215.0,1193.0
5218.0,959.0
5226.0,833.0
5228.0,992.0
5232.0,810.0
5236.0,1320.0
5239.0,1045.0
5241.0,985.0
5252.0,723.0
5254.0,894.0
5255.0,762.0
5256.0,758.0
5258.0,1514.0
5261.0,763.0
5264.0,1064.0
5266.0,1031.0
5267.0,1253.0
5268.0,971.0
5274.0,1308.0
5277.0,1039.0
5278.0,1575.0
5282.0,1605.0
5283.0,1330.0
5284.0,920.0
5287.0,1048.0
5290.0,1054.0
5293.0,1856.0
5294.0,817.0
5297.0,664.0
5301.0,1025.0
5303.0,808.5
5306.0,993.0
5308.0,1058.0
5315.0,1037.0
5319.0,875.0
5320.0,979.0
5321.0,1015.0
5323.0,887.0
5329.0,2477.0
5330.0,1056.0
5332.0,884.0
5341.0,773.0
5343.0,
5351.0,1172.0
5359.0,1508.0
5363.0,1160.0
5367.0,1207.0
5368.0,1312.0
5370.0,1062.0
5372.0,1051.0
5373.0,1079.0
5377.0,1005.0
5382.0,928.0
5383.0,1070.0
5389.0,903.0
5392.0,821.0
5394.0,748.0
5395.0,1220.0
5396.0,1182.0
5398.0,926.0
5404.0,906.0
5407.0,1467.0
5409.0,1019.0
5411.0,1020.0
5415.0,827.0
5416.0,1115.0
5417.0,1199.0
5419.0,1183.0
5434.0,1106.0
5438.0,871.0
5444.0,1293.0
5445.0,1360.0
5448.0,1310.5
5451.0,872.0
5454.0,1053.0
5455.0,882.0
5456.0,926.0
5457.0,1247.0
5459.0,1086.0
5460.0,859.0
5463.0,1265.0
5464.0,850.0
5465.0,974.0
5467.0,1044.0
5468.0,676.0
5469.0,950.0
5470.0,755.0
5471.0,1345.0
5473.0,1234.0
5474.0,955.0
5476.0,1073.0
5477.0,1803.0
5478.0,1136.0
5480.0,892.0
5482.0,1251.0
5483.0,1079.0
5484.0,993.5
5485.0,1242.0
5486.0,1044.0
5488.0,880.5
5490.0,851.0
5492.0,1549.0
5495.0,1141.0
5496.0,1374.0
5498.0,729.0
5500.0,956.0
5509.0,969.0
5512.0,
5514.0,909.0
5516.0,746.0
5518.0,979.0
5519.0,833.0
5526.0,1916.0
5528.0,1073.0
5532.0,875.5
5535.0,1434.0
5541.0,776.0
5543.0,857.0
5548.0,1093.0
5549.0,1000.0
5550.0,1017.0
5554.0,995.0
5556.0,1398.0
5558.0,1099.0
5561.0,1292.0
5565.0,1237.0
5566.0,1465.0
5568.0,1514.0
5571.0,1316.0
5578.0,753.0
5580.0,1689.0
5583.0,1149.0
5584.0,1303.0
5586.0,674.0
5587.0,996.0
5589.0,941.0
5591.0,1013.0
5592.0,891.0
5593.0,732.0
5603.0,938.0
5604.0,1268.0
5605.0,1303.0
5608.0,1049.0
5609.0,952.0
5612.0,1283.0
5613.0,1321.0
5614.0,989.0
5622.0,998.0
5636.0,697.0
5640.0,945.0
5641.0,1517.0
5643.0,1118.0
5644.0,757.0
5647.0,786.0
5650.0,1084.0
5652.0,1313.0
5654.0,1085.0
5659.0,931.0
5661.0,1248.0
5665.0,1281.0
5666.0,1178.0
5667.0,1385.0
5673.0,855.0
5675.0,964.0
5684.0,1435.5
5686.0,1489.0
5687.0,970.0
5688.0,877.0
5689.0,992.0
5690.0,1189.0
5694.0,1056.0
5699.0,1594.0
5710.0,1171.0
5715.0,1154.0
5719.0,1064.0
5721.0,933.0
5723.0,1242.0
5732.0,873.0
5736.0,945.0
5737.0,1147.0
5738.0,1256.5
5741.0,1012.0
5743.0,1074.0
5744.0,1054.0
5745.0,735.0
5749.0,1385.0
5756.0,1477.0
5759.0,1258.0
5761.0,1194.5
5762.0,1115.0
5768.0,1597.0
5773.0,1320.0
5774.0,1320.0
5775.0,1187.0
5776.0,956.0
5777.0,1186.5
5778.0,1285.0
5780.0,922.0
5781.0,924.0
5782.0,1184.0
5783.0,1256.0
5799.0,842.0
5801.0,1148.0
5805.0,1002.0
5806.0,1316.5
5807.0,1182.0
5811.0,1125.0
5813.0,1086.0
5817.0,878.0
5818.0,924.0
5819.0,1213.0
5822.0,1439.0
5823.0,1104.0
5826.0,1411.0
5827.0,1064.0
5829.0,1309.0
5830.0,921.0
5841.0,1146.0
5846.0,839.5
5862.0,
5869.0,1685.0
5870.0,977.0
5871.0,1914.0
5873.0,1455.0
5875.0,1115.0
5876.0,1406.0
5877.0,1043.0
5889.0,959.0
5891.0,920.0
5892.0,837.0
5895.0,1424.0
5896.0,1464.0
5897.0,1138.0
5904.0,1060.5
5907.0,1257.0
5914.0,1309.0
5915.0,1000.0
5919.0,1278.0
5923.0,1307.5
5925.0,744.0
5927.0,1269.0
5928.0,1204.0
5929.0,932.0
5939.0,989.0
5943.0,1538.0
5944.0,1345.0
5949.0,799.0
5950.0,1155.0
5954.0,1176.0
5956.0,1612.0
5957.0,1037.0
5959.0,1208.0
5963.0,1372.0
5973.0,1384.0
5979.0,1190.0
5983.0,1173.0
5989.0,883.0
5992.0,1403.0
5996.0,1018.0
5998.0,1092.0
6001.0,1111.0
6006.0,914.0
6009.0,1599.0
6010.0,1324.0
6012.0,1482.0
6015.0,1464.0
6016.0,1404.0
6017.0,1244.0
6026.0,852.0
6027.0,1171.5
6034.0,1170.0
6035.0,1551.0
6042.0,979.0
6044.0,1222.0
6050.0,1143.0
6060.0,1165.0
6064.0,1826.0
6068.0,1137.0
6072.0,1802.0
6075.0,1436.0
6082.0,1523.5
6087.0,1217.0
6090.0,1057.0
6091.0,921.0
6093.0,1051.0
6097.0,794.0
6100.0,939.5
6102.0,1114.0
6103.0,1284.0
6106.0,1134.0
6107.0,1559.0
6108.0,1130.0
6111.0,1171.0
6112.0,890.0
6114.0,1623.0
6117.0,1330.0
6119.0,1249.0
6121.0,1203.5
6123.0,825.0
6125.0,1063.0
6128.0,1963.0
6130.0,1359.0
6132.0,1324.0
6135.0,871.0
6139.0,793.0
6141.0,1019.0
6145.0,868.0
6146.0,1017.0
6150.0,1265.0
6152.0,1978.0
6154.0,1070.0
6155.0,1034.0
6159.0,1510.0
6160.0,1107.5
6164.0,1175.0
6169.0,959.0
6171.0,1490.0
6175.0,1449.0
6186.0,1566.0
6190.0,1221.5
6191.0,1081.0
6198.0,1223.0
6200.0,907.0
6202.0,1551.0
6203.0,798.0
6205.0,821.0
6217.0,1019.0
6224.0,1392.0
6225.0,938.0
6227.0,1240.5
6235.0,1259.5
6239.0,937.5
6242.0,1258.0
6243.0,1273.0
6246.0,1150.5
6248.0,1249.0
6251.0,988.0
6257.0,1346.0
6259.0,1098.0
6262.0,1461.5
6265.0,908.0
6270.0,1706.0
6277.0,1508.0
6290.0,854.0
6295.0,937.0
6297.0,1307.0
6300.0,937.0
6301.0,1080.0
6303.0,1277.0
6305.0,1207.5
6306.0,1473.0
6308.0,1167.0
6310.0,957.0
6311.0,1572.0
6317.0,1335.0
6322.0,1023.5
6323.0,1196.0
6326.0,1025.0
6331.0,1359.0
6332.0,991.0
6333.0,1355.0
6336.0,1628.0
6337.0,1593.0
6338.0,1768.0
6339.0,1053.0
6341.0,1159.5
6346.0,1410.0
6347.0,
6348.0,1827.0
6349.0,858.0
6352.0,1568.5
6355.0,1189.5
6356.0,1172.0
6360.0,1236.0
6361.0,1168.0
6368.0,1030.0
6373.0,854.0
6383.0,1206.0
6388.0,920.0
6389.0,1330.0
6393.0,1141.0
6394.0,1619.0
6404.0,1232.0
6408.0,1087.0
6409.0,1363.0
6418.0,1545.0
6422.0,1380.0
6425.0,1268.0
6429.0,1093.0
6433.0,1174.0
6434.0,1194.5
6437.0,1298.0
6438.0,1719.0
6445.0,1839.0
6446.0,1154.0
6450.0,1165.0
6457.0,1336.0
6463.0,1095.0
6473.0,1119.5
6476.0,1082.0
6483.0,1022.0
6487.0,1414.5
6488.0,1102.0
6499.0,998.0
6501.0,1416.0
6508.0,1082.5
6510.0,817.0
6517.0,1279.0
6525.0,826.0
6526.0,1954.5
6533.0,1217.0
6538.0,955.0
6540.0,999.5
6541.0,1401.0
6550.0,1149.0
6555.0,1571.0
6564.0,1316.0
6568.0,1603.0
6573.0,1357.5
6575.0,1105.0
6577.0,1056.0
6597.0,1579.0
6601.0,1395.0
6603.0,879.0
6605.0,1710.0
6607.0,1663.0
6612.0,857.0
6617.0,1118.0
6618.0,1773.0
6637.0,1171.0
6638.0,1344.0
6640.0,898.0
6645.0,1034.0
6647.0,2098.0
6660.0,1217.0
6662.0,1852.0
6663.0,1369.0
6678.0,1011.0
6679.0,1164.0
6689.0,1124.0
6696.0,1326.0
6698.0,1254.0
6707.0,1737.0
6709.0,1198.0
6710.0,1343.0
6711.0,1315.0
6712.0,1200.0
6718.0,858.0
6719.0,1042.0
6725.0,1081.0
6728.0,1382.0
6739.0,1251.0
6740.0,1073.0
6745.0,1547.0
6748.0,904.0
6751.0,1153.0
6755.0,1230.0
6756.0,1332.0
6758.0,1395.5
6777.0,1051.0
6778.0,947.0
6788.0,1216.0
6789.0,1200.0
6807.0,1164.0
6809.0,1052.0
6812.0,1263.0
6814.0,1249.5
6817.0,1410.0
6819.0,1158.0
6823.0,1509.0
6828.0,1319.0
6840.0,1689.0
6841.0,950.0
6842.0,1512.0
6846.0,1078.0
6848.0,1584.0
6850.0,1400.0
6854.0,1578.0
6859.0,1535.0
6860.0,1079.0
6861.0,1820.0
6871.0,1180.0
6875.0,1439.0
6876.0,1708.0
6890.0,1702.0
6893.0,1372.0
6895.0,1022.0
6900.0,1238.0
6902.0,2138.0
6907.0,1379.0
6909.0,1354.0
6911.0,1341.0
6912.0,1513.0
6920.0,906.0
6927.0,1258.0
6932.0,1486.0
6933.0,1311.0
6940.0,1019.0
6955.0,2062.0
6956.0,1271.0
6958.0,1300.0
6960.0,1470.5
6964.0,1066.0
6971.0,1449.0
6986.0,1217.0
6988.0,1635.0
6992.0,1404.0
6995.0,1151.0
7000.0,1185.0
7001.0,1282.0
7003.0,1409.0
7010.0,1063.0
7011.0,1453.0
7017.0,935.0
7027.0,1847.0
7030.0,1191.0
7034.0,1139.0
7035.0,1455.0
7042.0,1100.0
7052.0,1306.0
7063.0,1176.0
7077.0,1179.0
7079.0,1381.0
7085.0,1185.0
7092.0,1517.0
7095.0,1260.0
7105.0,1143.0
7116.0,1089.0
7136.0,1691.0
7141.0,1330.0
7157.0,1869.0
7173.0,1314.0
7174.0,1169.0
7179.0,1985.0
7184.0,1516.0
7187.0,1073.0
7188.0,1288.0
7189.0,874.0
7194.0,1976.0
7195.0,1416.0
7200.0,876.0
7208.0,1012.0
7212.0,1606.0
7214.0,1994.0
7217.0,1583.0
7240.0,1410.0
7241.0,1007.0
7245.0,1029.0
7249.0,1882.0
7254.0,1785.0
7264.0,1137.0
7268.0,1729.0
7272.0,1559.0
7277.0,1168.0
7281.0,1233.0
7283.0,1342.0
7290.0,1283.0
7297.0,2331.0
7326.0,1219.5
7334.0,1332.0
7335.0,1157.0
7353.0,1368.5
7355.0,2408.0
7367.0,1042.0
7368.0,1367.0
7383.0,1095.0
7384.0,845.0
7392.0,1475.5
7397.0,1253.0
7399.0,1698.0
7401.0,1187.0
7410.0,1344.0
7418.0,1755.0
7423.0,2111.0
7430.0,1184.0
7432.0,2793.0
7437.0,1222.0
7446.0,1979.0
7450.0,1475.0
7474.0,1037.0
7475.0,1556.0
7478.0,1678.0
7480.0,1084.0
7483.0,1276.0
7498.0,976.0
7518.0,1279.0
7520.0,1336.0
7531.0,1569.0
7538.0,1125.0
7544.0,1516.0
7548.0,1038.0
7554.0,991.0
7561.0,1051.0
7566.0,1348.0
7578.0,1426.0
7591.0,1710.0
7626.0,1570.0
7635.0,1284.0
7646.0,1618.0
7650.0,1901.0
7653.0,1578.0
7684.0,1088.0
7689.0,1480.0
7709.0,1279.0
7714.0,1132.0
7718.0,1423.0
7731.0,1360.0
7737.0,1488.0
7740.0,1741.0
7741.0,1401.0
7744.0,1474.0
7746.0,2035.0
7748.0,1557.0
7778.0,1493.0
7784.0,1145.0
7794.0,1192.0
7798.0,1161.0
7803.0,1603.0
7804.0,1594.0
7826.0,893.0
7828.0,2038.0
7849.0,1664.0
7876.0,1253.0
7880.0,1533.0
7884.0,2011.0
7901.0,1422.0
7906.0,2292.0
7916.0,1293.0
7922.0,1539.0
7923.0,1558.0
7935.0,1976.0
7937.0,1635.0
7949.0,1309.0
7961.0,2276.0
7962.0,1652.0
7963.0,1881.0
7970.0,1142.0
7973.0,1591.0
7976.0,1406.0
7982.0,1603.0
7985.0,1257.0
7991.0,1286.0
7995.0,1458.0
7999.0,1611.0
8005.0,1382.0
8010.0,1452.5
8020.0,1432.0
8039.0,1717.0
8046.0,1221.0
8052.0,1461.0
8069.0,2174.0
8072.0,1606.0
8076.0,1789.0
8099.0,1670.0
8110.0,1264.0
8112.0,1376.0
8120.0,1371.0
8146.0,1131.0
8162.0,2124.0
8206.0,1354.5
8207.0,1373.0
8240.0,1410.0
8244.0,1409.0
8254.0,1153.0
8259.0,1409.0
8262.0,1156.0
8264.0,2437.0
8277.0,1290.0
8278.0,1579.0
8295.0,1506.0
8297.0,1433.0
8299.0,1326.0
8301.0,1333.0
8302.0,1461.0
8324.0,1590.0
8327.0,1849.0
8352.0,1555.0
8363.0,1475.0
8374.0,1407.0
8389.0,1872.0
8396.0,1578.0
8399.0,1839.0
8400.0,1812.0
8417.0,1657.0
8444.0,1492.0
8476.0,1758.0
8479.0,1759.0
8482.0,1590.0
8489.0,1673.0
8502.0,2634.0
8510.0,1258.0
8517.0,1910.0
8561.0,1411.0
8574.0,1489.0
8596.0,1597.0
8606.0,1678.0
8626.0,1859.0
8627.0,1516.0
8638.0,1392.0
8642.0,1294.0
8647.0,1407.0
8676.0,1633.0
8710.0,1614.0
8711.0,1544.0
8726.0,1317.0
8733.0,1600.0
8745.0,2211.0
8749.0,1761.0
8778.0,1291.0
8796.0,1721.0
8798.0,1465.0
8800.0,1857.0
8803.0,1114.0
8806.0,1471.5
8814.0,1307.0
8844.0,1706.0
8866.0,2093.5
8874.0,1302.0
8902.0,1413.0
8953.0,1074.0
8974.0,1268.0
8997.0,1698.0
9003.0,1739.0
9013.0,1117.0
9016.0,1486.0
9018.0,1572.0
9020.0,1509.0
9027.0,1901.0
9042.0,2022.0
9047.0,1831.0
9053.0,2193.0
9071.0,1335.0
9075.0,1858.0
9076.0,1503.0
9089.0,1477.5
9103.0,1847.0
9104.0,1535.0
9117.0,1248.0
9135.0,1534.0
9137.0,1368.0
9147.0,1276.0
9148.0,1906.0
9167.0,1373.0
9176.0,1201.0
9179.0,1361.0
9217.0,1522.0
9259.0,1653.0
9269.0,1605.0
9286.0,1269.0
9302.0,1603.0
9311.0,1703.0
9320.0,1143.0
9371.0,1980.0
9374.0,1847.0
9376.0,1181.0
9404.0,1827.0
9419.0,1455.0
9425.0,2020.0
9430.0,2473.0
9444.0,1997.0
9446.0,1650.0
9467.0,1181.0
9482.0,2501.0
9483.0,1361.0
9488.0,1417.0
9493.0,1935.0
9503.0,1769.0
9512.0,2560.0
9518.0,1418.0
9528.0,2075.0
9531.0,1487.0
9534.0,1819.0
9540.0,1294.0
9565.0,2289.0
9567.0,1729.0
9576.0,1455.0
9594.0,1489.0
9601.0,2020.0
9613.0,1666.0
9614.0,2123.0
9621.0,1344.0
9653.0,2000.0
9657.0,1189.0
9662.0,1385.0
9729.0,1210.0
9738.0,2130.0
9755.0,1748.0
9759.0,1816.0
9761.0,1683.0
9772.0,1308.0
9774.0,1777.0
9789.0,2552.0
9792.0,1283.0
9798.0,1551.0
9807.0,1614.0
9812.0,1914.0
9831.0,1921.0
9849.0,1833.5
9882.0,1892.0
9885.0,1871.0
9893.0,2283.0
9899.0,2617.0
9902.0,2814.0
9911.0,1691.0
9944.0,1623.0
9959.0,1544.0
9963.0,2031.0
9975.0,2690.5
9992.0,1368.0
9998.0,1874.0
10002.0,1468.0
10018.0,1233.0
10035.0,1856.0
10053.0,1768.0
10077.0,2186.0
10088.0,1910.0
10093.0,1269.0
10105.0,2481.0
10110.0,1761.0
10145.0,2306.0
10175.0,2181.0
10211.0,1995.0
10212.0,1424.0
10235.0,2238.0
10236.0,1878.0
10239.0,2823.0
10252.0,2595.0
10265.0,1860.0
10267.0,
10281.0,1689.0
10282.0,1333.0
10356.0,1647.0
10395.0,1915.0
10445.0,1620.0
10463.0,1756.0
10484.0,1603.0
10509.0,2186.0
10534.0,2035.0
10535.0,1620.0
10565.0,1767.0
10626.0,1504.0
10655.0,1706.0
10665.0,2368.5
10722.0,1617.0
10731.0,3335.0
10774.0,1736.0
10804.0,1493.0
10822.0,1994.0
10839.0,1637.0
10856.0,2278.0
10860.0,1653.0
10869.0,2226.0
10923.0,2041.0
10950.0,2207.0
10968.0,1521.0
11008.0,1549.0
11016.0,2398.0
11026.0,1978.0
11115.0,2257.0
11154.0,1995.0
11181.0,1895.0
11232.0,1791.0
11251.0,1594.0
11275.0,1822.0
11294.0,1377.0
11308.0,3039.0
11336.0,1657.0
11442.0,2690.0
11444.0,1355.0
11609.0,2141.0
11635.0,2055.0
11654.0,2100.0
11668.0,1730.0
11709.0,
11827.0,2445.0
11836.0,2405.0
11853.0,2691.0
11872.0,2300.0
11976.0,2495.0
11989.0,2185.0
11999.0,2249.0
12045.0,2162.0
12070.0,2220.0
12139.0,2756.5
12156.0,1864.0
12197.0,2617.0
12317.0,2953.0
12327.0,2000.0
12342.0,2630.0
12355.0,3630.0
12396.0,2552.0
12480.0,1946.0
12517.0,2506.0
12526.0,2495.0
12689.0,2426.0
12713.0,2558.0
12779.0,2441.0
12837.0,1842.0
12870.0,2315.0
12980.0,2568.0
12991.0,2555.0
13038.0,2679.0
13133.0,3680.0
13182.0,2074.0
13315.0,2424.0
13406.0,2574.0
13553.0,2474.0
13556.0,1704.0
13559.0,2656.0
13562.0,2057.0
13670.0,2453.0
13703.0,2352.0
13714.0,2302.0
13724.0,2269.0
13796.0,2372.0
14014.0,2861.0
14281.0,2511.0
14316.0,2045.0
14348.0,2145.0
14414.0,2979.0
14418.0,2282.0
14556.0,2077.0
14631.0,3298.0
14652.0,2826.0
14684.0,2252.0
14701.0,2210.0
14891.0,3984.0
14912.0,4183.0
14917.0,2708.0
14934.0,2479.0
14944.0,2490.0
14960.0,2988.0
15025.0,2616.0
15029.0,2279.0
15201.0,2418.0
15207.0,2924.0
15259.0,2275.0
15309.0,2996.0
15341.0,2527.0
15348.0,2366.0
15401.0,3280.0
15502.0,2613.0
15622.0,2721.0
15695.0,2248.0
15809.0,2485.0
16010.0,2726.0
16148.0,3474.0
16199.0,2993.0
16222.0,2309.0
16414.0,2919.0
16431.0,2640.0
16450.0,2833.0
16533.0,2549.0
16544.0,2206.0
16590.0,2696.0
16759.0,2274.0
16884.0,2865.0
16921.0,2837.0
17032.0,2546.0
17286.0,4952.0
17377.0,4457.0
17466.0,3336.0
17470.0,2727.0
17527.0,2751.0
17577.0,2819.0
17579.0,3479.0
17591.0,2604.0
17715.0,2370.0
17820.0,2812.0
17978.0,3217.0
18123.0,3173.0
18392.0,2782.0
18448.0,2474.0
18634.0,2885.0
18767.0,3032.0
19001.0,2688.0
19059.0,3079.0
19234.0,4492.0
20263.0,3915.0
20377.0,4335.0
20391.0,3245.0
21086.0,3945.0
21113.0,4386.0
21988.0,4055.0
22128.0,3522.0
23386.0,4171.0
23915.0,4135.0
25135.0,4819.0
25187.0,3521.0
25957.0,4798.0
27700.0,4179.0
28258.0,3864.0
30401.0,4957.0
30405.0,4093.0
30450.0,5033.0
32054.0,5290.0
37937.0,5471.0
39320.0,6210.0
